Workbook

Sheet 0-LIRE DABORD
A1: CLASSEUR — SESSIONS (heures) + CHANGEMENTS DE LAMES À PART + TRS
B4: DEUX FEUILLES DE SAISIE SÉPARÉES :
B6: FEUILLE 2 — SESSIONS DE SCIAGE :
B7: Tu écris les HEURES début et fin de chaque plage de sciage, plus l'observation.
B8: La durée se calcule seule (fin moins début). Chaque ligne est indépendante : changer de jour ne casse rien.
B9: L'observation dit ce qui s'est passé PENDANT la session :
B10: • ok = sciait normalement → compté en SCIAGE BON
B11: • sciage un côté / mauvaise épaisseur / rayures = sciait mal → SCIAGE DÉGRADÉ
B12: • zéro / panne = machine ARRÊTÉE pendant la session → ARRÊT
B14: FEUILLE 3 — CHANGEMENTS DE LAMES (séparée) :
B15: Tu écris les HEURES début et fin de chaque changement de lame. La durée se calcule seule.
B16: Plus besoin de deviner les trous : tu écris chaque changement directement ici.
B18: CE QU'ON A SUPPRIMÉ :
... B26: CONSEIL : commence par la BICOUPE, un poste complet.

Sheet 1-REF
A1: LISTES POUR MENUS (ne pas modifier)
A3: Observations session | C3: Machines | E3: Essences
A4: ok | C4: Schulte (scie de tête) | E4: Ayous
A5: sciage un côté | C5: Bicoupe | E5: Azobé
A6: mauvaise épaisseur | C6: Brenta (déligneuse) | E6: Bilinga
A7: rayures | C7: Dédoubleuse | E7: Iroko
A8: zéro | C8: Ébouteuse | E8: Movingui
A9: panne mécanique
A10: panne électrique

Sheet 2-SESSIONS SCIAGE
A1: SESSIONS DE SCIAGE (heures début/fin)
A2: QUOI REMPLIR (jaune) : Date, Équipe, Machine (menu), Heure début, Heure fin, Observation (menu).
A3: Heures en hh:mm. Durée auto (gère minuit). Retard relève = trou quand l'équipe change (auto). Changement de lame = feuille 3.
A4: Date | B4: Équipe | C4: Machine | D4: Heure début | E4: Heure fin | F4: Durée (min, auto) | G4: Observation | H4: Retard relève (min, auto) | I4: Date du quart (auto) | J4: Créneau (auto)
A5: 11/06 | B5: B | C5: Bicoupe | D5: 06:00 | E5: 08:00 | F5: =IF(OR(D5="",E5=""),"",(MOD(E5-D5,1))*1440) -> 120 | G5: ok | I5: =IF(OR(A5="",D5=""),"",IF(D5<TIME(6,0,0),A5-1,A5)) -> 11/06 | J5: =IF(D5="","",IF(D5<TIME(6,0,0),"Nuit",IF(D5<TIME(14,0,0),"Matin",IF(D5<TIME(22,0,0),"Après-midi","Nuit")))) -> Nuit
A6: 11/06 | B6: B | C6: Bicoupe | D6: 08:15 | E6: 09:00 | F6: =IF(OR(D6="",E6=""),"",(MOD(E6-D6,1))*1440) -> 45 | G6: ok | H6: =IF(OR(D6="",E5="",C6<>C5,B6=B5),"",(MOD(D6-E5,1))*1440) | I6: =IF(OR(A6="",D6=""),"",IF(D6<TIME(6,0,0),A6-1,A6)) -> 11/06 | J6: =IF(D6="","",IF(D6<TIME(6,0,0),"Nuit",IF(D6<TIME(14,0,0),"Matin",IF(D6<TIME(22,0,0),"Après-midi","Nuit")))) -> Nuit
A7: 11/06 | B7: B | C7: Bicoupe | D7: 09:00 | E7: 09:30 | F7: =IF(OR(D7="",E7=""),"",(MOD(E7-D7,1))*1440) -> 30 | G7: panne mécanique | H7: =IF(OR(D7="",E6="",C7<>C6,B7=B6),"",(MOD(D7-E6,1))*1440) | I7: =IF(OR(A7="",D7=""),"",IF(D7<TIME(6,0,0),A7-1,A7)) -> 11/06 | J7: =IF(D7="","",IF(D7<TIME(6,0,0),"Nuit",IF(D7<TIME(14,0,0),"Matin",IF(D7<TIME(22,0,0),"Après-midi","Nuit")))) -> Nuit
A8: 11/06 | B8: B | C8: Bicoupe | D8: 09:30 | E8: 11:00 | F8: =IF(OR(D8="",E8=""),"",(MOD(E8-D8,1))*1440) -> 90 | G8: sciage un côté | H8: =IF(OR(D8="",E7="",C8<>C7,B8=B7),"",(MOD(D8-E7,1))*1440) | I8: =IF(OR(A8="",D8=""),"",IF(D8<TIME(6,0,0),A8-1,A8)) -> 11/06 | J8: =IF(D8="","",IF(D8<TIME(6,0,0),"Nuit",IF(D8<TIME(14,0,0),"Matin",IF(D8<TIME(22,0,0),"Après-midi","Nuit")))) -> Nuit
A9: 11/06 | B9: B | C9: Bicoupe | D9: 11:15 | E9: 13:40 | F9: =IF(OR(D9="",E9=""),"",(MOD(E9-D9,1))*1440) -> 145 | G9: ok | H9: =IF(OR(D9="",E8="",C9<>C8,B9=B8),"",(MOD(D9-E8,1))*1440) | I9: =IF(OR(A9="",D9=""),"",IF(D9<TIME(6,0,0),A9-1,A9)) -> 11/06 | J9: =IF(D9="","",IF(D9<TIME(6,0,0),"Nuit",IF(D9<TIME(14,0,0),"Matin",IF(D9<TIME(22,0,0),"Après-midi","Nuit")))) -> Nuit
A10: 11/06 | B10: B | C10: Bicoupe | D10: 13:40 | E10: 14:00 | F10: =IF(OR(D10="",E10=""),"",(MOD(E10-D10,1))*1440) -> 20 | G10: zéro | H10: =IF(OR(D10="",E9="",C10<>C9,B10=B9),"",(MOD(D10-E9,1))*1440) | I10: =IF(OR(A10="",D10=""),"",IF(D10<TIME(6,0,0),A10-1,A10)) -> 11/06 | J10: =IF(D10="","",IF(D10<TIME(6,0,0),"Nuit",IF(D10<TIME(14,0,0),"Matin",IF(D10<TIME(22,0,0),"Après-midi","Nuit")))) -> Nuit
F11: =IF(OR(D11="",E11=""),"",(MOD(E11-D11,1))*1440) | G11: ↑ exemple, tu peux effacer | H11: =IF(OR(D11="",E10="",C11<>C10,B11=B10),"",(MOD(D11-E10,1))*1440) | I11: =IF(OR(A11="",D11=""),"",IF(D11<TIME(6,0,0),A11-1,A11)) | J11: =IF(D11="","",IF(D11<TIME(6,0,0),"Nuit",IF(D11<TIME(14,0,0),"Matin",IF(D11<TIME(22,0,0),"Après-midi","Nuit"))))
A12: 46147 | B12: B | C12: Bicoupe | D12: 0.58333333 | E12: 0.60625 | F12: =IF(OR(D12="",E12=""),"",(MOD(E12-D12,1))*1440) -> 33 | G12: zéro | H12: =IF(OR(D12="",E11="",C12<>C11,B12=B11),"",(MOD(D12-E11,1))*1440) | I12: =IF(OR(A12="",D12=""),"",IF(D12<TIME(6,0,0),A12-1,A12)) -> 05/05 | J12: =IF(D12="","",IF(D12<TIME(6,0,0),"Nuit",IF(D12<TIME(14,0,0),"Matin",IF(D12<TIME(22,0,0),"Après-midi","Nuit")))) -> Après-midi
A13: 46147 | B13: B | C13: Bicoupe | D13: 0.60625 | E13: 0.67291667 | F13: =IF(OR(D13="",E13=""),"",(MOD(E13-D13,1))*1440) -> 96 | G13: ok | H13: =IF(OR(D13="",E12="",C13<>C12,B13=B12),"",(MOD(D13-E12,1))*1440) | I13: =IF(OR(A13="",D13=""),"",IF(D13<TIME(6,0,0),A13-1,A13)) -> 05/05 | J13: =IF(D13="","",IF(D13<TIME(6,0,0),"Nuit",IF(D13<TIME(14,0,0),"Matin",IF(D13<TIME(22,0,0),"Après-midi","Nuit")))) -> Après-midi
A14: 46147 | B14: B | C14: Bicoupe | D14: 0.68958333 | E14: 0.8125 | F14: =IF(OR(D14="",E14=""),"",(MOD(E14-D14,1))*1440) -> 177 | G14: ok | H14: =IF(OR(D14="",E13="",C14<>C13,B14=B13),"",(MOD(D14-E13,1))*1440) | I14: =IF(OR(A14="",D14=""),"",IF(D14<TIME(6,0,0),A14-1,A14)) -> 05/05 | J14: =IF(D14="","",IF(D14<TIME(6,0,0),"Nuit",IF(D14<TIME(14,0,0),"Matin",IF(D14<TIME(22,0,0),"Après-midi","Nuit")))) -> Après-midi
A15: 46147 | B15: B | C15: Bicoupe | D15: 0.81944444 | E15: 0.91666667 | F15: =IF(OR(D15="",E15=""),"",(MOD(E15-D15,1))*1440) -> 140 | G15: ok | H15: =IF(OR(D15="",E14="",C15<>C14,B15=B14),"",(MOD(D15-E14,1))*1440) | I15: =IF(OR(A15="",D15=""),"",IF(D15<TIME(6,0,0),A15-1,A15)) -> 05/05 | J15: =IF(D15="","",IF(D15<TIME(6,0,0),"Nuit",IF(D15<TIME(14,0,0),"Matin",IF(D15<TIME(22,0,0),"Après-midi","Nuit")))) -> Après-midi
A16: 46147 | B16: B | C16: Bicoupe | D16: 0.92708333 | E16: 0.99930556 | F16: =IF(OR(D16="",E16=""),"",(MOD(E16-D16,1))*1440) -> 104 | G16: ok | H16: =IF(OR(D16="",E15="",C16<>C15,B16=B15),"",(MOD(D16-E15,1))*1440) | I16: =IF(OR(A16="",D16=""),"",IF(D16<TIME(6,0,0),A16-1,A16)) -> 05/05 | J16: =IF(D16="","",IF(D16<TIME(6,0,0),"Nuit",IF(D16<TIME(14,0,0),"Matin",IF(D16<TIME(22,0,0),"Après-midi","Nuit")))) -> Nuit
A17: 46148 | B17: B | C17: Bicoupe | D17: 0.0090277778 | E17: 0.013888889 | F17: =IF(OR(D17="",E17=""),"",(MOD(E17-D17,1))*1440) -> 7 | G17: deviation | H17: =IF(OR(D17="",E16="",C17<>C16,B17=B16),"",(MOD(D17-E16,1))*1440) | I17: =IF(OR(A17="",D17=""),"",IF(D17<TIME(6,0,0),A17-1,A17)) -> 05/05 | J17: =IF(D17="","",IF(D17<TIME(6,0,0),"Nuit",IF(D17<TIME(14,0,0),"Matin",IF(D17<TIME(22,0,0),"Après-midi","Nuit")))) -> Nuit
A18: 46148 | B18: B | C18: Bicoupe | D18: 0.018055556 | E18: 0.16111111 | F18: =IF(OR(D18="",E18=""),"",(MOD(E18-D18,1))*1440) -> 206 | G18: ok | H18: =IF(OR(D18="",E17="",C18<>C17,B18=B17),"",(MOD(D18-E17,1))*1440) | I18: =IF(OR(A18="",D18=""),"",IF(D18<TIME(6,0,0),A18-1,A18)) -> 05/05 | J18: =IF(D18="","",IF(D18<TIME(6,0,0),"Nuit",IF(D18<TIME(14,0,0),"Matin",IF(D18<TIME(22,0,0),"Après-midi","Nuit")))) -> Nuit
A19: 46148 | B19: B | C19: Bicoupe | D19: 0.16875 | E19: 0.24027778 | F19: =IF(OR(D19="",E19=""),"",(MOD(E19-D19,1))*1440) -> 103 | G19: ok | H19: =IF(OR(D19="",E18="",C19<>C18,B19=B18),"",(MOD(D19-E18,1))*1440) | I19: =IF(OR(A19="",D19=""),"",IF(D19<TIME(6,0,0),A19-1,A19)) -> 05/05 | J19: =IF(D19="","",IF(D19<TIME(6,0,0),"Nuit",IF(D19<TIME(14,0,0),"Matin",IF(D19<TIME(22,0,0),"Après-midi","Nuit")))) -> Nuit
A20: 46148 | B20: A | C20: Bicoupe | D20: 0.25 | E20: 0.34027778 | F20: =IF(OR(D20="",E20=""),"",(MOD(E20-D20,1))*1440) -> 130 | G20: ok | H20: =IF(OR(D20="",E19="",C20<>C19,B20=B19),"",(MOD(D20-E19,1))*1440) -> 14 | I20: =IF(OR(A20="",D20=""),"",IF(D20<TIME(6,0,0),A20-1,A20)) -> 06/05 | J20: =IF(D20="","",IF(D20<TIME(6,0,0),"Nuit",IF(D20<TIME(14,0,0),"Matin",IF(D20<TIME(22,0,0),"Après-midi","Nuit")))) -> Matin
A21: 46148 | B21: A | C21: Bicoupe | D21: 0.35347222 | E21: 0.49861111 | F21: =IF(OR(D21="",E21=""),"",(MOD(E21-D21,1))*1440) -> 209 | G21: ok | H21: =IF(OR(D21="",E20="",C21<>C20,B21=B20),"",(MOD(D21-E20,1))*1440) | I21: =IF(OR(A21="",D21=""),"",IF(D21<TIME(6,0,0),A21-1,A21)) -> 06/05 | J21: =IF(D21="","",IF(D21<TIME(6,0,0),"Nuit",IF(D21<TIME(14,0,0),"Matin",IF(D21<TIME(22,0,0),"Après-midi","Nuit")))) -> Matin
A22: 46148 | B22: A | C22: Bicoupe | D22: 0.50555556 | E22: 0.58333333 | F22: =IF(OR(D22="",E22=""),"",(MOD(E22-D22,1))*1440) -> 112 | G22: ok | H22: =IF(OR(D22="",E21="",C22<>C21,B22=B21),"",(MOD(D22-E21,1))*1440) | I22: =IF(OR(A22="",D22=""),"",IF(D22<TIME(6,0,0),A22-1,A22)) -> 06/05 | J22: =IF(D22="","",IF(D22<TIME(6,0,0),"Nuit",IF(D22<TIME(14,0,0),"Matin",IF(D22<TIME(22,0,0),"Après-midi","Nuit")))) -> Matin
A23: 46148 | B23: B | C23: Bicoupe | D23: 0.58819444 | E23: 0.63541667 | F23: =IF(OR(D23="",E23=""),"",(MOD(E23-D23,1))*1440) -> 68 | G23: zéro | H23: =IF(OR(D23="",E22="",C23<>C22,B23=B22),"",(MOD(D23-E22,1))*1440) -> 7 | I23: =IF(OR(A23="",D23=""),"",IF(D23<TIME(6,0,0),A23-1,A23)) -> 06/05 | J23: =IF(D23="","",IF(D23<TIME(6,0,0),"Nuit",IF(D23<TIME(14,0,0),"Matin",IF(D23<TIME(22,0,0),"Après-midi","Nuit")))) -> Après-midi
... A56: 46151 | B56: A | C56: Bicoupe | D56: 0.47291667 | E56: 0.55416667 | F56: =IF(OR(D56="",E56=""),"",(MOD(E56-D56,1))*1440) -> 117 | G56: ok | H56: =IF(OR(D56="",E55="",C56<>C55,B56=B55),"",(MOD(D56-E55,1))*1440) | I56: =IF(OR(A56="",D56=""),"",IF(D56<TIME(6,0,0),A56-1,A56)) -> 09/05 | J56: =IF(D56="","",IF(D56<TIME(6,0,0),"Nuit",IF(D56<TIME(14,0,0),"Matin",IF(D56<TIME(22,0,0),"Après-midi","Nuit")))) -> Matin
A57: 46151 | B57: A | C57: Bicoupe | D57: 0.56041667 | E57: 0.58333333 | F57: =IF(OR(D57="",E57=""),"",(MOD(E57-D57,1))*1440) -> 33 | H57: =IF(OR(D57="",E56="",C57<>C56,B57=B56),"",(MOD(D57-E56,1))*1440) | I57: =IF(OR(A57="",D57=""),"",IF(D57<TIME(6,0,0),A57-1,A57)) -> 09/05 | J57: =IF(D57="","",IF(D57<TIME(6,0,0),"Nuit",IF(D57<TIME(14,0,0),"Matin",IF(D57<TIME(22,0,0),"Après-midi","Nuit")))) -> Matin
A58: 46151 | B58: B | C58: Bicoupe | D58: 0.58680556 | E58: 0.61805556 | F58: =IF(OR(D58="",E58=""),"",(MOD(E58-D58,1))*1440) -> 45 | G58: panne mécanique | H58: =IF(OR(D58="",E57="",C58<>C57,B58=B57),"",(MOD(D58-E57,1))*1440) -> 5 | I58: =IF(OR(A58="",D58=""),"",IF(D58<TIME(6,0,0),A58-1,A58)) -> 09/05 | J58: =IF(D58="","",IF(D58<TIME(6,0,0),"Nuit",IF(D58<TIME(14,0,0),"Matin",IF(D58<TIME(22,0,0),"Après-midi","Nuit")))) -> Après-midi
A59: 46151 | B59: B | C59: Bicoupe | D59: 0.63888889 | E59: 0.7 | F59: =IF(OR(D59="",E59=""),"",(MOD(E59-D59,1))*1440) -> 88 | G59: sciage un côté | H59: =IF(OR(D59="",E58="",C59<>C58,B59=B58),"",(MOD(D59-E58,1))*1440) | I59: =IF(OR(A59="",D59=""),"",IF(D59<TIME(6,0,0),A59-1,A59)) -> 09/05 | J59: =IF(D59="","",IF(D59<TIME(6,0,0),"Nuit",IF(D59<TIME(14,0,0),"Matin",IF(D59<TIME(22,0,0),"Après-midi","Nuit")))) -> Après-midi
A60: 46151 | B60: B | C60: Bicoupe | D60: 0.70694444 | E60: 0.84583333 | F60: =IF(OR(D60="",E60=""),"",(MOD(E60-D60,1))*1440) -> 200 | G60: ok | H60: =IF(OR(D60="",E59="",C60<>C59,B60=B59),"",(MOD(D60-E59,1))*1440) | I60: =IF(OR(A60="",D60=""),"",IF(D60<TIME(6,0,0),A60-1,A60)) -> 09/05 | J60: =IF(D60="","",IF(D60<TIME(6,0,0),"Nuit",IF(D60<TIME(14,0,0),"Matin",IF(D60<TIME(22,0,0),"Après-midi","Nuit")))) -> Après-midi
A61: 46151 | B61: B | C61: Bicoupe | D61: 0.85416667 | E61: 0.91666667 | F61: =IF(OR(D61="",E61=""),"",(MOD(E61-D61,1))*1440) -> 90 | G61: ok | H61: =IF(OR(D61="",E60="",C61<>C60,B61=B60),"",(MOD(D61-E60,1))*1440) | I61: =IF(OR(A61="",D61=""),"",IF(D61<TIME(6,0,0),A61-1,A61)) -> 09/05 | J61: =IF(D61="","",IF(D61<TIME(6,0,0),"Nuit",IF(D61<TIME(14,0,0),"Matin",IF(D61<TIME(22,0,0),"Après-midi","Nuit")))) -> Après-midi
A62: 46151 | B62: C | C62: Bicoupe | D62: 0.92013889 | E62: 0.022916667 | F62: =IF(OR(D62="",E62=""),"",(MOD(E62-D62,1))*1440) -> 148 | G62: ok | H62: =IF(OR(D62="",E61="",C62<>C61,B62=B61),"",(MOD(D62-E61,1))*1440) -> 5 | I62: =IF(OR(A62="",D62=""),"",IF(D62<TIME(6,0,0),A62-1,A62)) -> 09/05 | J62: =IF(D62="","",IF(D62<TIME(6,0,0),"Nuit",IF(D62<TIME(14,0,0),"Matin",IF(D62<TIME(22,0,0),"Après-midi","Nuit")))) -> Nuit
A63: 46152 | B63: C | C63: Bicoupe | D63: 0.035416667 | E63: 0.15902778 | F63: =IF(OR(D63="",E63=""),"",(MOD(E63-D63,1))*1440) -> 178 | G63: ok | H63: =IF(OR(D63="",E62="",C63<>C62,B63=B62),"",(MOD(D63-E62,1))*1440) | I63: =IF(OR(A63="",D63=""),"",IF(D63<TIME(6,0,0),A63-1,A63)) -> 09/05 | J63: =IF(D63="","",IF(D63<TIME(6,0,0),"Nuit",IF(D63<TIME(14,0,0),"Matin",IF(D63<TIME(22,0,0),"Après-midi","Nuit")))) -> Nuit
A64: 46152 | B64: C | C64: Bicoupe | D64: 0.16388889 | E64: 0.25 | F64: =IF(OR(D64="",E64=""),"",(MOD(E64-D64,1))*1440) -> 124 | G64: ok | H64: =IF(OR(D64="",E63="",C64<>C63,B64=B63),"",(MOD(D64-E63,1))*1440) | I64: =IF(OR(A64="",D64=""),"",IF(D64<TIME(6,0,0),A64-1,A64)) -> 09/05 | J64: =IF(D64="","",IF(D64<TIME(6,0,0),"Nuit",IF(D64<TIME(14,0,0),"Matin",IF(D64<TIME(22,0,0),"Après-midi","Nuit")))) -> Nuit
A65: 46152 | B65: A | C65: Bicoupe | D65: 0.25694444 | E65: 0.37152778 | F65: =IF(OR(D65="",E65=""),"",(MOD(E65-D65,1))*1440) -> 165 | G65: ok | H65: =IF(OR(D65="",E64="",C65<>C64,B65=B64),"",(MOD(D65-E64,1))*1440) -> 10 | I65: =IF(OR(A65="",D65=""),"",IF(D65<TIME(6,0,0),A65-1,A65)) -> 10/05 | J65: =IF(D65="","",IF(D65<TIME(6,0,0),"Nuit",IF(D65<TIME(14,0,0),"Matin",IF(D65<TIME(22,0,0),"Après-midi","Nuit")))) -> Matin
A66: 46152 | B66: A | C66: Bicoupe | D66: 0.37361111 | E66: 0.40625 | F66: =IF(OR(D66="",E66=""),"",(MOD(E66-D66,1))*1440) -> 47 | G66: deviation | H66: =IF(OR(D66="",E65="",C66<>C65,B66=B65),"",(MOD(D66-E65,1))*1440) | I66: =IF(OR(A66="",D66=""),"",IF(D66<TIME(6,0,0),A66-1,A66)) -> 10/05 | J66: =IF(D66="","",IF(D66<TIME(6,0,0),"Nuit",IF(D66<TIME(14,0,0),"Matin",IF(D66<TIME(22,0,0),"Après-midi","Nuit")))) -> Matin
A67: 46152 | B67: A | C67: Bicoupe | D67: 0.37569444 | E67: 0.48611111 | F67: =IF(OR(D67="",E67=""),"",(MOD(E67-D67,1))*1440) -> 159 | G67: deviation | H67: =IF(OR(D67="",E66="",C67<>C66,B67=B66),"",(MOD(D67-E66,1))*1440) | I67: =IF(OR(A67="",D67=""),"",IF(D67<TIME(6,0,0),A67-1,A67)) -> 10/05 | J67: =IF(D67="","",IF(D67<TIME(6,0,0),"Nuit",IF(D67<TIME(14,0,0),"Matin",IF(D67<TIME(22,0,0),"Après-midi","Nuit")))) -> Matin
A68: 46152 | B68: A | C68: Bicoupe | D68: 0.49861111 | E68: 0.58333333 | F68: =IF(OR(D68="",E68=""),"",(MOD(E68-D68,1))*1440) -> 122 | G68: ok | H68: =IF(OR(D68="",E67="",C68<>C67,B68=B67),"",(MOD(D68-E67,1))*1440) | I68: =IF(OR(A68="",D68=""),"",IF(D68<TIME(6,0,0),A68-1,A68)) -> 10/05 | J68: =IF(D68="","",IF(D68<TIME(6,0,0),"Nuit",IF(D68<TIME(14,0,0),"Matin",IF(D68<TIME(22,0,0),"Après-midi","Nuit")))) -> Matin
A69: 46153 | B69: B | C69: Bicoupe | D69: 0.26319444 | E69: 0.37569444 | F69: =IF(OR(D69="",E69=""),"",(MOD(E69-D69,1))*1440) -> 162 | G69: ok | H69: =IF(OR(D69="",E68="",C69<>C68,B69=B68),"",(MOD(D69-E68,1))*1440) -> 979 | I69: =IF(OR(A69="",D69=""),"",IF(D69<TIME(6,0,0),A69-1,A69)) -> 11/05 | J69: =IF(D69="","",IF(D69<TIME(6,0,0),"Nuit",IF(D69<TIME(14,0,0),"Matin",IF(D69<TIME(22,0,0),"Après-midi","Nuit")))) -> Matin
... A418: 46184 | B418: A | C418: Bicoupe | D418: 0.14375 | E418: 0.25 | F418: =IF(OR(D418="",E418=""),"",(MOD(E418-D418,1))*1440) -> 153 | G418: ok | H418: =IF(OR(D418="",E417="",C418<>C417,B418=B417),"",(MOD(D418-E417,1))*1440) | I418: =IF(OR(A418="",D418=""),"",IF(D418<TIME(6,0,0),A418-1,A418)) -> 10/06 | J418: =IF(D418="","",IF(D418<TIME(6,0,0),"Nuit",IF(D418<TIME(14,0,0),"Matin",IF(D418<TIME(22,0,0),"Après-midi","Nuit")))) -> Nuit
F419: =IF(OR(D419="",E419=""),"",(MOD(E419-D419,1))*1440) | H419: =IF(OR(D419="",E418="",C419<>C418,B419=B418),"",(MOD(D419-E418,1))*1440) | I419: =IF(OR(A419="",D419=""),"",IF(D419<TIME(6,0,0),A419-1,A419)) | J419: =IF(D419="","",IF(D419<TIME(6,0,0),"Nuit",IF(D419<TIME(14,0,0),"Matin",IF(D419<TIME(22,0,0),"Après-midi","Nuit"))))
A420: SESSIONS DE SCIAGE (heures début/fin) SHULTE | F420: =IF(OR(D420="",E420=""),"",(MOD(E420-D420,1))*1440) | H420: =IF(OR(D420="",E419="",C420<>C419,B420=B419),"",(MOD(D420-E419,1))*1440) | I420: =IF(OR(A420="",D420=""),"",IF(D420<TIME(6,0,0),A420-1,A420)) | J420: =IF(D420="","",IF(D420<TIME(6,0,0),"Nuit",IF(D420<TIME(14,0,0),"Matin",IF(D420<TIME(22,0,0),"Après-midi","Nuit"))))
F421: =IF(OR(D421="",E421=""),"",(MOD(E421-D421,1))*1440) | H421: =IF(OR(D421="",E420="",C421<>C420,B421=B420),"",(MOD(D421-E420,1))*1440) | I421: =IF(OR(A421="",D421=""),"",IF(D421<TIME(6,0,0),A421-1,A421)) | J421: =IF(D421="","",IF(D421<TIME(6,0,0),"Nuit",IF(D421<TIME(14,0,0),"Matin",IF(D421<TIME(22,0,0),"Après-midi","Nuit"))))
A422: 46140 | B422: B | C422: Schulte (scie de tête) | D422: 0.26041667 | E422: 0.32638889 | F422: =IF(OR(D422="",E422=""),"",(MOD(E422-D422,1))*1440) -> 95 | G422: ok | H422: =IF(OR(D422="",E421="",C422<>C421,B422=B421),"",(MOD(D422-E421,1))*1440) | I422: =IF(OR(A422="",D422=""),"",IF(D422<TIME(6,0,0),A422-1,A422)) -> 28/04 | J422: =IF(D422="","",IF(D422<TIME(6,0,0),"Nuit",IF(D422<TIME(14,0,0),"Matin",IF(D422<TIME(22,0,0),"Après-midi","Nuit")))) -> Matin
A423: 46140 | B423: B | C423: Schulte (scie de tête) | D423: 0.34861111 | E423: 0.40972222 | F423: =IF(OR(D423="",E423=""),"",(MOD(E423-D423,1))*1440) -> 88 | G423: ok | H423: =IF(OR(D423="",E422="",C423<>C422,B423=B422),"",(MOD(D423-E422,1))*1440) | I423: =IF(OR(A423="",D423=""),"",IF(D423<TIME(6,0,0),A423-1,A423)) -> 28/04 | J423: =IF(D423="","",IF(D423<TIME(6,0,0),"Nuit",IF(D423<TIME(14,0,0),"Matin",IF(D423<TIME(22,0,0),"Après-midi","Nuit")))) -> Matin
A424: 46140 | B424: B | C424: Schulte (scie de tête) | D424: 0.44791667 | E424: 0.54166667 | F424: =IF(OR(D424="",E424=""),"",(MOD(E424-D424,1))*1440) -> 135 | G424: ok | H424: =IF(OR(D424="",E423="",C424<>C423,B424=B423),"",(MOD(D424-E423,1))*1440) | I424: =IF(OR(A424="",D424=""),"",IF(D424<TIME(6,0,0),A424-1,A424)) -> 28/04 | J424: =IF(D424="","",IF(D424<TIME(6,0,0),"Nuit",IF(D424<TIME(14,0,0),"Matin",IF(D424<TIME(22,0,0),"Après-midi","Nuit")))) -> Matin
A425: 46140 | B425: B | C425: Schulte (scie de tête) | D425: 0.56597222 | E425: 0.58333333 | F425: =IF(OR(D425="",E425=""),"",(MOD(E425-D425,1))*1440) -> 25 | G425: ok | H425: =IF(OR(D425="",E424="",C425<>C424,B425=B424),"",(MOD(D425-E424,1))*1440) | I425: =IF(OR(A425="",D425=""),"",IF(D425<TIME(6,0,0),A425-1,A425)) -> 28/04 | J425: =IF(D425="","",IF(D425<TIME(6,0,0),"Nuit",IF(D425<TIME(14,0,0),"Matin",IF(D425<TIME(22,0,0),"Après-midi","Nuit")))) -> Matin
A426: 46141 | B426: B | C426: Schulte (scie de tête) | D426: 0.26041667 | E426: 0.3125 | F426: =IF(OR(D426="",E426=""),"",(MOD(E426-D426,1))*1440) -> 75 | G426: ok | H426: =IF(OR(D426="",E425="",C426<>C425,B426=B425),"",(MOD(D426-E425,1))*1440) | I426: =IF(OR(A426="",D426=""),"",IF(D426<TIME(6,0,0),A426-1,A426)) -> 29/04 | J426: =IF(D426="","",IF(D426<TIME(6,0,0),"Nuit",IF(D426<TIME(14,0,0),"Matin",IF(D426<TIME(22,0,0),"Après-midi","Nuit")))) -> Matin
A427: 46141 | B427: B | C427: Schulte (scie de tête) | D427: 0.31944444 | E427: 0.52222222 | F427: =IF(OR(D427="",E427=""),"",(MOD(E427-D427,1))*1440) -> 292 | G427: ok | H427: =IF(OR(D427="",E426="",C427<>C426,B427=B426),"",(MOD(D427-E426,1))*1440) | I427: =IF(OR(A427="",D427=""),"",IF(D427<TIME(6,0,0),A427-1,A427)) -> 29/04 | J427: =IF(D427="","",IF(D427<TIME(6,0,0),"Nuit",IF(D427<TIME(14,0,0),"Matin",IF(D427<TIME(22,0,0),"Après-midi","Nuit")))) -> Matin
A428: 46141 | B428: B | C428: Schulte (scie de tête) | D428: 0.52916667 | E428: 0.5375 | F428: =IF(OR(D428="",E428=""),"",(MOD(E428-D428,1))*1440) -> 12 | G428: devie | H428: =IF(OR(D428="",E427="",C428<>C427,B428=B427),"",(MOD(D428-E427,1))*1440) | I428: =IF(OR(A428="",D428=""),"",IF(D428<TIME(6,0,0),A428-1,A428)) -> 29/04 | J428: =IF(D428="","",IF(D428<TIME(6,0,0),"Nuit",IF(D428<TIME(14,0,0),"Matin",IF(D428<TIME(22,0,0),"Après-midi","Nuit")))) -> Matin
A429: 46141 | B429: B | C429: Schulte (scie de tête) | D429: 0.54861111 | E429: 0.57986111 | F429: =IF(OR(D429="",E429=""),"",(MOD(E429-D429,1))*1440) -> 45 | G429: devie | H429: =IF(OR(D429="",E428="",C429<>C428,B429=B428),"",(MOD(D429-E428,1))*1440) | I429: =IF(OR(A429="",D429=""),"",IF(D429<TIME(6,0,0),A429-1,A429)) -> 29/04 | J429: =IF(D429="","",IF(D429<TIME(6,0,0),"Nuit",IF(D429<TIME(14,0,0),"Matin",IF(D429<TIME(22,0,0),"Après-midi","Nuit")))) -> Matin
A430: 46141 | B430: A | C430: Schulte (scie de tête) | D430: 0.58333333 | E430: 0.625 | F430: =IF(OR(D430="",E430=""),"",(MOD(E430-D430,1))*1440) -> 60 | G430: emoussé | H430: =IF(OR(D430="",E429="",C430<>C429,B430=B429),"",(MOD(D430-E429,1))*1440) -> 5 | I430: =IF(OR(A430="",D430=""),"",IF(D430<TIME(6,0,0),A430-1,A430)) -> 29/04 | J430: =IF(D430="","",IF(D430<TIME(6,0,0),"Nuit",IF(D430<TIME(14,0,0),"Matin",IF(D430<TIME(22,0,0),"Après-midi","Nuit")))) -> Après-midi
A431: 46141 | B431: A | C431: Schulte (scie de tête) | D431: 0.63194444 | E431: 0.65625 | F431: =IF(OR(D431="",E431=""),"",(MOD(E431-D431,1))*1440) -> 35 | G431: deviation | H431: =IF(OR(D431="",E430="",C431<>C430,B431=B430),"",(MOD(D431-E430,1))*1440) | I431: =IF(OR(A431="",D431=""),"",IF(D431<TIME(6,0,0),A431-1,A431)) -> 29/04 | J431: =IF(D431="","",IF(D431<TIME(6,0,0),"Nuit",IF(D431<TIME(14,0,0),"Matin",IF(D431<TIME(22,0,0),"Après-midi","Nuit")))) -> Après-midi
A432: 46141 | B432: A | C432: Schulte (scie de tête) | D432: 0.66319444 | E432: 0.69444444 | F432: =IF(OR(D432="",E432=""),"",(MOD(E432-D432,1))*1440) -> 45 | G432: emoussé | H432: =IF(OR(D432="",E431="",C432<>C431,B432=B431),"",(MOD(D432-E431,1))*1440) | I432: =IF(OR(A432="",D432=""),"",IF(D432<TIME(6,0,0),A432-1,A432)) -> 29/04 | J432: =IF(D432="","",IF(D432<TIME(6,0,0),"Nuit",IF(D432<TIME(14,0,0),"Matin",IF(D432<TIME(22,0,0),"Après-midi","Nuit")))) -> Après-midi
A433: 46141 | B433: A | C433: Schulte (scie de tête) | D433: 0.70138889 | E433: 0.75 | F433: =IF(OR(D433="",E433=""),"",(MOD(E433-D433,1))*1440) -> 70 | G433: ok | H433: =IF(OR(D433="",E432="",C433<>C432,B433=B432),"",(MOD(D433-E432,1))*1440) | I433: =IF(OR(A433="",D433=""),"",IF(D433<TIME(6,0,0),A433-1,A433)) -> 29/04 | J433: =IF(D433="","",IF(D433<TIME(6,0,0),"Nuit",IF(D433<TIME(14,0,0),"Matin",IF(D433<TIME(22,0,0),"Après-midi","Nuit")))) -> Après-midi
... A625: 46185 | B625: A | C625: Schulte (scie de tête) | D625: 0.52777778 | E625: 0.58333333 | F625: =IF(OR(D625="",E625=""),"",(MOD(E625-D625,1))*1440) -> 80 | G625: ok | H625: =IF(OR(D625="",E624="",C625<>C624,B625=B624),"",(MOD(D625-E624,1))*1440) | I625: =IF(OR(A625="",D625=""),"",IF(D625<TIME(6,0,0),A625-1,A625)) -> 12/06 | J625: =IF(D625="","",IF(D625<TIME(6,0,0),"Nuit",IF(D625<TIME(14,0,0),"Matin",IF(D625<TIME(22,0,0),"Après-midi","Nuit")))) -> Matin
A626: --- Pannes bicoupe ajoutées depuis le rapport du chef (équipe différente du scieur) --- | I626: =IF(OR(A626="",D626=""),"",IF(D626<TIME(6,0,0),A626-1,A626)) | J626: =IF(D626="","",IF(D626<TIME(6,0,0),"Nuit",IF(D626<TIME(14,0,0),"Matin",IF(D626<TIME(22,0,0),"Après-midi","Nuit"))))
A627: 46170 | B627: A | C627: Bicoupe | D627: 0.86319444 | E627: 0.88194444 | F627: =IF(OR(D627="",E627=""),"",(MOD(E627-D627,1))*1440) -> 27 | G627: panne électrique | I627: =IF(OR(A627="",D627=""),"",IF(D627<TIME(6,0,0),A627-1,A627)) -> 28/05 | J627: =IF(D627="","",IF(D627<TIME(6,0,0),"Nuit",IF(D627<TIME(14,0,0),"Matin",IF(D627<TIME(22,0,0),"Après-midi","Nuit")))) -> Après-midi
A628: 46176 | B628: A | C628: Bicoupe | D628: 0.27777778 | E628: 0.35625 | F628: =IF(OR(D628="",E628=""),"",(MOD(E628-D628,1))*1440) -> 113 | G628: panne mécanique | I628: =IF(OR(A628="",D628=""),"",IF(D628<TIME(6,0,0),A628-1,A628)) -> 03/06 | J628: =IF(D628="","",IF(D628<TIME(6,0,0),"Nuit",IF(D628<TIME(14,0,0),"Matin",IF(D628<TIME(22,0,0),"Après-midi","Nuit")))) -> Matin
A629: 46178 | B629: A | C629: Bicoupe | D629: 0.25 | E629: 0.29166667 | F629: =IF(OR(D629="",E629=""),"",(MOD(E629-D629,1))*1440) -> 60 | G629: panne mécanique | I629: =IF(OR(A629="",D629=""),"",IF(D629<TIME(6,0,0),A629-1,A629)) -> 05/06 | J629: =IF(D629="","",IF(D629<TIME(6,0,0),"Nuit",IF(D629<TIME(14,0,0),"Matin",IF(D629<TIME(22,0,0),"Après-midi","Nuit")))) -> Matin
A630: 46179 | B630: B | C630: Bicoupe | D630: 0.8125 | E630: 0.81944444 | F630: =IF(OR(D630="",E630=""),"",(MOD(E630-D630,1))*1440) -> 10 | G630: panne électrique | I630: =IF(OR(A630="",D630=""),"",IF(D630<TIME(6,0,0),A630-1,A630)) -> 06/06 | J630: =IF(D630="","",IF(D630<TIME(6,0,0),"Nuit",IF(D630<TIME(14,0,0),"Matin",IF(D630<TIME(22,0,0),"Après-midi","Nuit")))) -> Après-midi
A631: 46183 | B631: B | C631: Bicoupe | D631: 0.41666667 | E631: 0.48611111 | F631: =IF(OR(D631="",E631=""),"",(MOD(E631-D631,1))*1440) -> 100 | G631: panne mécanique | I631: =IF(OR(A631="",D631=""),"",IF(D631<TIME(6,0,0),A631-1,A631)) -> 10/06 | J631: =IF(D631="","",IF(D631<TIME(6,0,0),"Nuit",IF(D631<TIME(14,0,0),"Matin",IF(D631<TIME(22,0,0),"Après-midi","Nuit")))) -> Matin

Sheet 3-CHANGEMENTS LAMES
A1: CHANGEMENTS DE LAMES (feuille séparée)
A2: QUOI REMPLIR (jaune) : Date, Équipe, Machine, Heure début, Heure fin de chaque changement de lame.
A3: La durée se calcule seule. Chaque changement de lame est écrit ici, séparé des sessions. Plus de trou à deviner.
A4: Date | B4: Équipe | C4: Machine | D4: Heure début | E4: Heure fin | F4: Durée (min, auto) | G4: Note (facultatif) | H4: Date du quart (auto) | I4: Créneau (auto)
A5: 11/06 | B5: B | C5: Bicoupe | D5: 0.33333333 | E5: 0.34375 | F5: =IF(OR(D5="",E5=""),"",(E5-D5)*1440) -> 15 | H5: =IF(OR(A5="",D5=""),"",IF(D5<TIME(6,0,0),A5-1,A5)) -> 11/06 | I5: =IF(D5="","",IF(D5<TIME(6,0,0),"Nuit",IF(D5<TIME(14,0,0),"Matin",IF(D5<TIME(22,0,0),"Après-midi","Nuit")))) -> Matin
A6: 11/06 | B6: B | C6: Bicoupe | D6: 0.45833333 | E6: 0.46875 | F6: =IF(OR(D6="",E6=""),"",(E6-D6)*1440) -> 15 | H6: =IF(OR(A6="",D6=""),"",IF(D6<TIME(6,0,0),A6-1,A6)) -> 11/06 | I6: =IF(D6="","",IF(D6<TIME(6,0,0),"Nuit",IF(D6<TIME(14,0,0),"Matin",IF(D6<TIME(22,0,0),"Après-midi","Nuit")))) -> Matin
A7: 46147 | B7: B | C7: Bicoupe | D7: 0.67291667 | E7: 0.68958333 | F7: =IF(OR(D7="",E7=""),"",(E7-D7)*1440) -> 24 | H7: =IF(OR(A7="",D7=""),"",IF(D7<TIME(6,0,0),A7-1,A7)) -> 05/05 | I7: =IF(D7="","",IF(D7<TIME(6,0,0),"Nuit",IF(D7<TIME(14,0,0),"Matin",IF(D7<TIME(22,0,0),"Après-midi","Nuit")))) -> Après-midi
A8: 46147 | B8: B | C8: Bicoupe | D8: 0.8125 | E8: 0.81944444 | F8: =IF(OR(D8="",E8=""),"",(E8-D8)*1440) -> 10 | H8: =IF(OR(A8="",D8=""),"",IF(D8<TIME(6,0,0),A8-1,A8)) -> 05/05 | I8: =IF(D8="","",IF(D8<TIME(6,0,0),"Nuit",IF(D8<TIME(14,0,0),"Matin",IF(D8<TIME(22,0,0),"Après-midi","Nuit")))) -> Après-midi
A9: 46147 | B9: B | C9: Bicoupe | D9: 0.91666667 | E9: 0.92708333 | F9: =IF(OR(D9="",E9=""),"",(E9-D9)*1440) -> 15 | H9: =IF(OR(A9="",D9=""),"",IF(D9<TIME(6,0,0),A9-1,A9)) -> 05/05 | I9: =IF(D9="","",IF(D9<TIME(6,0,0),"Nuit",IF(D9<TIME(14,0,0),"Matin",IF(D9<TIME(22,0,0),"Après-midi","Nuit")))) -> Nuit
A10: 46148 | B10: B | C10: Bicoupe | D10: 0.013888889 | E10: 0.018055556 | F10: =IF(OR(D10="",E10=""),"",(E10-D10)*1440) -> 6 | H10: =IF(OR(A10="",D10=""),"",IF(D10<TIME(6,0,0),A10-1,A10)) -> 05/05 | I10: =IF(D10="","",IF(D10<TIME(6,0,0),"Nuit",IF(D10<TIME(14,0,0),"Matin",IF(D10<TIME(22,0,0),"Après-midi","Nuit")))) -> Nuit
A11: 46148 | B11: B | C11: Bicoupe | D11: 0.16111111 | E11: 0.16875 | F11: =IF(OR(D11="",E11=""),"",(E11-D11)*1440) -> 11 | H11: =IF(OR(A11="",D11=""),"",IF(D11<TIME(6,0,0),A11-1,A11)) -> 05/05 | I11: =IF(D11="","",IF(D11<TIME(6,0,0),"Nuit",IF(D11<TIME(14,0,0),"Matin",IF(D11<TIME(22,0,0),"Après-midi","Nuit")))) -> Nuit
A12: 46148 | B12: B | C12: Bicoupe | D12: 0.24027778 | E12: 0.25 | F12: =IF(OR(D12="",E12=""),"",(E12-D12)*1440) -> 14 | H12: =IF(OR(A12="",D12=""),"",IF(D12<TIME(6,0,0),A12-1,A12)) -> 05/05 | I12: =IF(D12="","",IF(D12<TIME(6,0,0),"Nuit",IF(D12<TIME(14,0,0),"Matin",IF(D12<TIME(22,0,0),"Après-midi","Nuit")))) -> Nuit
A13: 46148 | B13: A | C13: Bicoupe | D13: 0.34027778 | E13: 0.35347222 | F13: =IF(OR(D13="",E13=""),"",(E13-D13)*1440) -> 19 | H13: =IF(OR(A13="",D13=""),"",IF(D13<TIME(6,0,0),A13-1,A13)) -> 06/05 | I13: =IF(D13="","",IF(D13<TIME(6,0,0),"Nuit",IF(D13<TIME(14,0,0),"Matin",IF(D13<TIME(22,0,0),"Après-midi","Nuit")))) -> Matin
A14: 46148 | B14: A | C14: Bicoupe | D14: 0.49861111 | E14: 0.50555556 | F14: =IF(OR(D14="",E14=""),"",(E14-D14)*1440) -> 10 | H14: =IF(OR(A14="",D14=""),"",IF(D14<TIME(6,0,0),A14-1,A14)) -> 06/05 | I14: =IF(D14="","",IF(D14<TIME(6,0,0),"Nuit",IF(D14<TIME(14,0,0),"Matin",IF(D14<TIME(22,0,0),"Après-midi","Nuit")))) -> Matin
A15: 46148 | B15: A | C15: Bicoupe | D15: 0.58333333 | E15: 0.58819444 | F15: =IF(OR(D15="",E15=""),"",(E15-D15)*1440) -> 7 | H15: =IF(OR(A15="",D15=""),"",IF(D15<TIME(6,0,0),A15-1,A15)) -> 06/05 | I15: =IF(D15="","",IF(D15<TIME(6,0,0),"Nuit",IF(D15<TIME(14,0,0),"Matin",IF(D15<TIME(22,0,0),"Après-midi","Nuit")))) -> Après-midi
A16: 46148 | B16: B | C16: Bicoupe | D16: 0.63541667 | E16: 0.64236111 | F16: =IF(OR(D16="",E16=""),"",(E16-D16)*1440) -> 10 | H16: =IF(OR(A16="",D16=""),"",IF(D16<TIME(6,0,0),A16-1,A16)) -> 06/05 | I16: =IF(D16="","",IF(D16<TIME(6,0,0),"Nuit",IF(D16<TIME(14,0,0),"Matin",IF(D16<TIME(22,0,0),"Après-midi","Nuit")))) -> Après-midi
A17: 46148 | B17: B | C17: Bicoupe | D17: 0.77083333 | E17: 0.77430556 | F17: =IF(OR(D17="",E17=""),"",(E17-D17)*1440) -> 5 | H17: =IF(OR(A17="",D17=""),"",IF(D17<TIME(6,0,0),A17-1,A17)) -> 06/05 | I17: =IF(D17="","",IF(D17<TIME(6,0,0),"Nuit",IF(D17<TIME(14,0,0),"Matin",IF(D17<TIME(22,0,0),"Après-midi","Nuit")))) -> Après-midi
A18: 46148 | B18: B | C18: Bicoupe | D18: 0.91666667 | E18: 0.92847222 | F18: =IF(OR(D18="",E18=""),"",(E18-D18)*1440) -> 17 | H18: =IF(OR(A18="",D18=""),"",IF(D18<TIME(6,0,0),A18-1,A18)) -> 06/05 | I18: =IF(D18="","",IF(D18<TIME(6,0,0),"Nuit",IF(D18<TIME(14,0,0),"Matin",IF(D18<TIME(22,0,0),"Après-midi","Nuit")))) -> Nuit
... A495: 46185 | B495: A | C495: Schulte (scie de tête) | D495: 0.51388889 | E495: 0.52777778 | F495: =IF(OR(D495="",E495=""),"",(E495-D495)*1440) -> 20 | H495: =IF(OR(A495="",D495=""),"",IF(D495<TIME(6,0,0),A495-1,A495)) -> 12/06 | I495: =IF(D495="","",IF(D495<TIME(6,0,0),"Nuit",IF(D495<TIME(14,0,0),"Matin",IF(D495<TIME(22,0,0),"Après-midi","Nuit")))) -> Matin

Sheet 4-BILAN PAR POSTE
A1: BILAN PAR POSTE (automatique)
A2: QUOI REMPLIR (jaune) : Date, Équipe, Machine. Tout le reste s'additionne depuis les feuilles 2 et 3.
A4: Date quart | B4: Créneau | C4: Machine | D4: Sciage bon (min) | E4: Sciage dégradé (min) | F4: Arrêt panne/zéro (min) | G4: Chgt lame (min) | H4: Retard relève (min) | I4: Arrêt total (min) | J4: TOTAL activité (min)
A5: 46147 | B5: Après-midi | C5: Bicoupe | D5: =SUMIFS('2-SESSIONS SCIAGE'!$F:$F,'2-SESSIONS SCIAGE'!$I:$I,$A5,'2-SESSIONS SCIAGE'!$J:$J,$B5,'2-SESSIONS SCIAGE'!$C:$C,$C5,'2-SESSIONS SCIAGE'!$G:$G,"ok") -> 413 | E5: =SUMIFS('2-SESSIONS SCIAGE'!$F:$F,'2-SESSIONS SCIAGE'!$I:$I,$A5,'2-SESSIONS SCIAGE'!$J:$J,$B5,'2-SESSIONS SCIAGE'!$C:$C,$C5,'2-SESSIONS SCIAGE'!$G:$G,"sciage un côté")+SUMIFS('2-SESSIONS SCIAGE'!$F:$F,'2-SESSIONS SCIAGE'!$I:$I,$A5,'2-SESSIONS SCIAGE'!$J:$J,$B5,'2-SESSIONS SCIAGE'!$C:$C,$C5,'2-SESSIONS SCIAGE'!$G:$G,"mauvaise épaisseur")+SUMIFS('2-SESSIONS SCIAGE'!$F:$F,'2-SESSIONS SCIAGE'!$I:$I,$A5,'2-SESSIONS SCIAGE'!$J:$J,$B5,'2-SESSIONS SCIAGE'!$C:$C,$C5,'2-SESSIONS SCIAGE'!$G:$G,"rayures")+SUMIFS('2-SESSIONS SCIAGE'!$F:$F,'2-SESSIONS SCIAGE'!$I:$I,$A5,'2-SESSIONS SCIAGE'!$J:$J,$B5,'2-SESSIONS SCIAGE'!$C:$C,$C5,'2-SESSIONS SCIAGE'!$G:$G,"deviation") -> 0 | F5: =SUMIFS('2-SESSIONS SCIAGE'!$F:$F,'2-SESSIONS SCIAGE'!$I:$I,$A5,'2-SESSIONS SCIAGE'!$J:$J,$B5,'2-SESSIONS SCIAGE'!$C:$C,$C5,'2-SESSIONS SCIAGE'!$G:$G,"zéro")+SUMIFS('2-SESSIONS SCIAGE'!$F:$F,'2-SESSIONS SCIAGE'!$I:$I,$A5,'2-SESSIONS SCIAGE'!$J:$J,$B5,'2-SESSIONS SCIAGE'!$C:$C,$C5,'2-SESSIONS SCIAGE'!$G:$G,"panne mécanique")+SUMIFS('2-SESSIONS SCIAGE'!$F:$F,'2-SESSIONS SCIAGE'!$I:$I,$A5,'2-SESSIONS SCIAGE'!$J:$J,$B5,'2-SESSIONS SCIAGE'!$C:$C,$C5,'2-SESSIONS SCIAGE'!$G:$G,"panne électrique") -> 33 | G5: =SUMIFS('3-CHANGEMENTS LAMES'!$F:$F,'3-CHANGEMENTS LAMES'!$H:$H,$A5,'3-CHANGEMENTS LAMES'!$I:$I,$B5,'3-CHANGEMENTS LAMES'!$C:$C,$C5) -> 34 | H5: =SUMIFS('2-SESSIONS SCIAGE'!$H:$H,'2-SESSIONS SCIAGE'!$I:$I,$A5,'2-SESSIONS SCIAGE'!$J:$J,$B5,'2-SESSIONS SCIAGE'!$C:$C,$C5) -> 0 | I5: =F5+G5+H5 -> 67 | J5: =D5+E5+I5 -> 480
A6: 46147 | B6: Nuit | C6: Bicoupe | D6: =SUMIFS('2-SESSIONS SCIAGE'!$F:$F,'2-SESSIONS SCIAGE'!$I:$I,$A6,'2-SESSIONS SCIAGE'!$J:$J,$B6,'2-SESSIONS SCIAGE'!$C:$C,$C6,'2-SESSIONS SCIAGE'!$G:$G,"ok") -> 413 | E6: =SUMIFS('2-SESSIONS SCIAGE'!$F:$F,'2-SESSIONS SCIAGE'!$I:$I,$A6,'2-SESSIONS SCIAGE'!$J:$J,$B6,'2-SESSIONS SCIAGE'!$C:$C,$C6,'2-SESSIONS SCIAGE'!$G:$G,"sciage un côté")+SUMIFS('2-SESSIONS SCIAGE'!$F:$F,'2-SESSIONS SCIAGE'!$I:$I,$A6,'2-SESSIONS SCIAGE'!$J:$J,$B6,'2-SESSIONS SCIAGE'!$C:$C,$C6,'2-SESSIONS SCIAGE'!$G:$G,"mauvaise épaisseur")+SUMIFS('2-SESSIONS SCIAGE'!$F:$F,'2-SESSIONS SCIAGE'!$I:$I,$A6,'2-SESSIONS SCIAGE'!$J:$J,$B6,'2-SESSIONS SCIAGE'!$C:$C,$C6,'2-SESSIONS SCIAGE'!$G:$G,"rayures")+SUMIFS('2-SESSIONS SCIAGE'!$F:$F,'2-SESSIONS SCIAGE'!$I:$I,$A6,'2-SESSIONS SCIAGE'!$J:$J,$B6,'2-SESSIONS SCIAGE'!$C:$C,$C6,'2-SESSIONS SCIAGE'!$G:$G,"deviation") -> 7 | F6: =SUMIFS('2-SESSIONS SCIAGE'!$F:$F,'2-SESSIONS SCIAGE'!$I:$I,$A6,'2-SESSIONS SCIAGE'!$J:$J,$B6,'2-SESSIONS SCIAGE'!$C:$C,$C6,'2-SESSIONS SCIAGE'!$G:$G,"zéro")+SUMIFS('2-SESSIONS SCIAGE'!$F:$F,'2-SESSIONS SCIAGE'!$I:$I,$A6,'2-SESSIONS SCIAGE'!$J:$J,$B6,'2-SESSIONS SCIAGE'!$C:$C,$C6,'2-SESSIONS SCIAGE'!$G:$G,"panne mécanique")+SUMIFS('2-SESSIONS SCIAGE'!$F:$F,'2-SESSIONS SCIAGE'!$I:$I,$A6,'2-SESSIONS SCIAGE'!$J:$J,$B6,'2-SESSIONS SCIAGE'!$C:$C,$C6,'2-SESSIONS SCIAGE'!$G:$G,"panne électrique") -> 0 | G6: =SUMIFS('3-CHANGEMENTS LAMES'!$F:$F,'3-CHANGEMENTS LAMES'!$H:$H,$A6,'3-CHANGEMENTS LAMES'!$I:$I,$B6,'3-CHANGEMENTS LAMES'!$C:$C,$C6) -> 46 | H6: =SUMIFS('2-SESSIONS SCIAGE'!$H:$H,'2-SESSIONS SCIAGE'!$I:$I,$A6,'2-SESSIONS SCIAGE'!$J:$J,$B6,'2-SESSIONS SCIAGE'!$C:$C,$C6) -> 0 | I6: =F6+G6+H6 -> 46 | J6: =D6+E6+I6 -> 466
A7: 46148 | B7: Matin | C7: Bicoupe | D7: =SUMIFS('2-SESSIONS SCIAGE'!$F:$F,'2-SESSIONS SCIAGE'!$I:$I,$A7,'2-SESSIONS SCIAGE'!$J:$J,$B7,'2-SESSIONS SCIAGE'!$C:$C,$C7,'2-SESSIONS SCIAGE'!$G:$G,"ok") -> 451 | E7: =SUMIFS('2-SESSIONS SCIAGE'!$F:$F,'2-SESSIONS SCIAGE'!$I:$I,$A7,'2-SESSIONS SCIAGE'!$J:$J,$B7,'2-SESSIONS SCIAGE'!$C:$C,$C7,'2-SESSIONS SCIAGE'!$G:$G,"sciage un côté")+SUMIFS('2-SESSIONS SCIAGE'!$F:$F,'2-SESSIONS SCIAGE'!$I:$I,$A7,'2-SESSIONS SCIAGE'!$J:$J,$B7,'2-SESSIONS SCIAGE'!$C:$C,$C7,'2-SESSIONS SCIAGE'!$G:$G,"mauvaise épaisseur")+SUMIFS('2-SESSIONS SCIAGE'!$F:$F,'2-SESSIONS SCIAGE'!$I:$I,$A7,'2-SESSIONS SCIAGE'!$J:$J,$B7,'2-SESSIONS SCIAGE'!$C:$C,$C7,'2-SESSIONS SCIAGE'!$G:$G,"rayures")+SUMIFS('2-SESSIONS SCIAGE'!$F:$F,'2-SESSIONS SCIAGE'!$I:$I,$A7,'2-SESSIONS SCIAGE'!$J:$J,$B7,'2-SESSIONS SCIAGE'!$C:$C,$C7,'2-SESSIONS SCIAGE'!$G:$G,"deviation") -> 0 | F7: =SUMIFS('2-SESSIONS SCIAGE'!$F:$F,'2-SESSIONS SCIAGE'!$I:$I,$A7,'2-SESSIONS SCIAGE'!$J:$J,$B7,'2-SESSIONS SCIAGE'!$C:$C,$C7,'2-SESSIONS SCIAGE'!$G:$G,"zéro")+SUMIFS('2-SESSIONS SCIAGE'!$F:$F,'2-SESSIONS SCIAGE'!$I:$I,$A7,'2-SESSIONS SCIAGE'!$J:$J,$B7,'2-SESSIONS SCIAGE'!$C:$C,$C7,'2-SESSIONS SCIAGE'!$G:$G,"panne mécanique")+SUMIFS('2-SESSIONS SCIAGE'!$F:$F,'2-SESSIONS SCIAGE'!$I:$I,$A7,'2-SESSIONS SCIAGE'!$J:$J,$B7,'2-SESSIONS SCIAGE'!$C:$C,$C7,'2-SESSIONS SCIAGE'!$G:$G,"panne électrique") -> 0 | G7: =SUMIFS('3-CHANGEMENTS LAMES'!$F:$F,'3-CHANGEMENTS LAMES'!$H:$H,$A7,'3-CHANGEMENTS LAMES'!$I:$I,$B7,'3-CHANGEMENTS LAMES'!$C:$C,$C7) -> 29 | H7: =SUMIFS('2-SESSIONS SCIAGE'!$H:$H,'2-SESSIONS SCIAGE'!$I:$I,$A7,'2-SESSIONS SCIAGE'!$J:$J,$B7,'2-SESSIONS SCIAGE'!$C:$C,$C7) -> 14 | I7: =F7+G7+H7 -> 43 | J7: =D7+E7+I7 -> 494
A8: 46148 | B8: Après-midi | C8: Bicoupe | D8: =SUMIFS('2-SESSIONS SCIAGE'!$F:$F,'2-SESSIONS SCIAGE'!$I:$I,$A8,'2-SESSIONS SCIAGE'!$J:$J,$B8,'2-SESSIONS SCIAGE'!$C:$C,$C8,'2-SESSIONS SCIAGE'!$G:$G,"ok") -> 390 | E8: =SUMIFS('2-SESSIONS SCIAGE'!$F:$F,'2-SESSIONS SCIAGE'!$I:$I,$A8,'2-SESSIONS SCIAGE'!$J:$J,$B8,'2-SESSIONS SCIAGE'!$C:$C,$C8,'2-SESSIONS SCIAGE'!$G:$G,"sciage un côté")+SUMIFS('2-SESSIONS SCIAGE'!$F:$F,'2-SESSIONS SCIAGE'!$I:$I,$A8,'2-SESSIONS SCIAGE'!$J:$J,$B8,'2-SESSIONS SCIAGE'!$C:$C,$C8,'2-SESSIONS SCIAGE'!$G:$G,"mauvaise épaisseur")+SUMIFS('2-SESSIONS SCIAGE'!$F:$F,'2-SESSIONS SCIAGE'!$I:$I,$A8,'2-SESSIONS SCIAGE'!$J:$J,$B8,'2-SESSIONS SCIAGE'!$C:$C,$C8,'2-SESSIONS SCIAGE'!$G:$G,"rayures")+SUMIFS('2-SESSIONS SCIAGE'!$F:$F,'2-SESSIONS SCIAGE'!$I:$I,$A8,'2-SESSIONS SCIAGE'!$J:$J,$B8,'2-SESSIONS SCIAGE'!$C:$C,$C8,'2-SESSIONS SCIAGE'!$G:$G,"deviation") -> 0 | F8: =SUMIFS('2-SESSIONS SCIAGE'!$F:$F,'2-SESSIONS SCIAGE'!$I:$I,$A8,'2-SESSIONS SCIAGE'!$J:$J,$B8,'2-SESSIONS SCIAGE'!$C:$C,$C8,'2-SESSIONS SCIAGE'!$G:$G,"zéro")+SUMIFS('2-SESSIONS SCIAGE'!$F:$F,'2-SESSIONS SCIAGE'!$I:$I,$A8,'2-SESSIONS SCIAGE'!$J:$J,$B8,'2-SESSIONS SCIAGE'!$C:$C,$C8,'2-SESSIONS SCIAGE'!$G:$G,"panne mécanique")+SUMIFS('2-SESSIONS SCIAGE'!$F:$F,'2-SESSIONS SCIAGE'!$I:$I,$A8,'2-SESSIONS SCIAGE'!$J:$J,$B8,'2-SESSIONS SCIAGE'!$C:$C,$C8,'2-SESSIONS SCIAGE'!$G:$G,"panne électrique") -> 68 | G8: =SUMIFS('3-CHANGEMENTS LAMES'!$F:$F,'3-CHANGEMENTS LAMES'!$H:$H,$A8,'3-CHANGEMENTS LAMES'!$I:$I,$B8,'3-CHANGEMENTS LAMES'!$C:$C,$C8) -> 22 | H8: =SUMIFS('2-SESSIONS SCIAGE'!$H:$H,'2-SESSIONS SCIAGE'!$I:$I,$A8,'2-SESSIONS SCIAGE'!$J:$J,$B8,'2-SESSIONS SCIAGE'!$C:$C,$C8) -> 7 | I8: =F8+G8+H8 -> 97 | J8: =D8+E8+I8 -> 487
A9: 46148 | B9: Nuit | C9: Bicoupe | D9: =SUMIFS('2-SESSIONS SCIAGE'!$F:$F,'2-SESSIONS SCIAGE'!$I:$I,$A9,'2-SESSIONS SCIAGE'!$J:$J,$B9,'2-SESSIONS SCIAGE'!$C:$C,$C9,'2-SESSIONS SCIAGE'!$G:$G,"ok") -> 424 | E9: =SUMIFS('2-SESSIONS SCIAGE'!$F:$F,'2-SESSIONS SCIAGE'!$I:$I,$A9,'2-SESSIONS SCIAGE'!$J:$J,$B9,'2-SESSIONS SCIAGE'!$C:$C,$C9,'2-SESSIONS SCIAGE'!$G:$G,"sciage un côté")+SUMIFS('2-SESSIONS SCIAGE'!$F:$F,'2-SESSIONS SCIAGE'!$I:$I,$A9,'2-SESSIONS SCIAGE'!$J:$J,$B9,'2-SESSIONS SCIAGE'!$C:$C,$C9,'2-SESSIONS SCIAGE'!$G:$G,"mauvaise épaisseur")+SUMIFS('2-SESSIONS SCIAGE'!$F:$F,'2-SESSIONS SCIAGE'!$I:$I,$A9,'2-SESSIONS SCIAGE'!$J:$J,$B9,'2-SESSIONS SCIAGE'!$C:$C,$C9,'2-SESSIONS SCIAGE'!$G:$G,"rayures")+SUMIFS('2-SESSIONS SCIAGE'!$F:$F,'2-SESSIONS SCIAGE'!$I:$I,$A9,'2-SESSIONS SCIAGE'!$J:$J,$B9,'2-SESSIONS SCIAGE'!$C:$C,$C9,'2-SESSIONS SCIAGE'!$G:$G,"deviation") -> 0 | F9: =SUMIFS('2-SESSIONS SCIAGE'!$F:$F,'2-SESSIONS SCIAGE'!$I:$I,$A9,'2-SESSIONS SCIAGE'!$J:$J,$B9,'2-SESSIONS SCIAGE'!$C:$C,$C9,'2-SESSIONS SCIAGE'!$G:$G,"zéro")+SUMIFS('2-SESSIONS SCIAGE'!$F:$F,'2-SESSIONS SCIAGE'!$I:$I,$A9,'2-SESSIONS SCIAGE'!$J:$J,$B9,'2-SESSIONS SCIAGE'!$C:$C,$C9,'2-SESSIONS SCIAGE'!$G:$G,"panne mécanique")+SUMIFS('2-SESSIONS SCIAGE'!$F:$F,'2-SESSIONS SCIAGE'!$I:$I,$A9,'2-SESSIONS SCIAGE'!$J:$J,$B9,'2-SESSIONS SCIAGE'!$C:$C,$C9,'2-SESSIONS SCIAGE'!$G:$G,"panne électrique") -> 0 | G9: =SUMIFS('3-CHANGEMENTS LAMES'!$F:$F,'3-CHANGEMENTS LAMES'!$H:$H,$A9,'3-CHANGEMENTS LAMES'!$I:$I,$B9,'3-CHANGEMENTS LAMES'!$C:$C,$C9) -> 29 | H9: =SUMIFS('2-SESSIONS SCIAGE'!$H:$H,'2-SESSIONS SCIAGE'!$I:$I,$A9,'2-SESSIONS SCIAGE'!$J:$J,$B9,'2-SESSIONS SCIAGE'!$C:$C,$C9) -> 17 | I9: =F9+G9+H9 -> 46 | J9: =D9+E9+I9 -> 470
A10: 46149 | B10: Matin | C10: Bicoupe | D10: =SUMIFS('2-SESSIONS SCIAGE'!$F:$F,'2-SESSIONS SCIAGE'!$I:$I,$A10,'2-SESSIONS SCIAGE'!$J:$J,$B10,'2-SESSIONS SCIAGE'!$C:$C,$C10,'2-SESSIONS SCIAGE'!$G:$G,"ok") -> 214 | E10: =SUMIFS('2-SESSIONS SCIAGE'!$F:$F,'2-SESSIONS SCIAGE'!$I:$I,$A10,'2-SESSIONS SCIAGE'!$J:$J,$B10,'2-SESSIONS SCIAGE'!$C:$C,$C10,'2-SESSIONS SCIAGE'!$G:$G,"sciage un côté")+SUMIFS('2-SESSIONS SCIAGE'!$F:$F,'2-SESSIONS SCIAGE'!$I:$I,$A10,'2-SESSIONS SCIAGE'!$J:$J,$B10,'2-SESSIONS SCIAGE'!$C:$C,$C10,'2-SESSIONS SCIAGE'!$G:$G,"mauvaise épaisseur")+SUMIFS('2-SESSIONS SCIAGE'!$F:$F,'2-SESSIONS SCIAGE'!$I:$I,$A10,'2-SESSIONS SCIAGE'!$J:$J,$B10,'2-SESSIONS SCIAGE'!$C:$C,$C10,'2-SESSIONS SCIAGE'!$G:$G,"rayures")+SUMIFS('2-SESSIONS SCIAGE'!$F:$F,'2-SESSIONS SCIAGE'!$I:$I,$A10,'2-SESSIONS SCIAGE'!$J:$J,$B10,'2-SESSIONS SCIAGE'!$C:$C,$C10,'2-SESSIONS SCIAGE'!$G:$G,"deviation") -> 224 | F10: =SUMIFS('2-SESSIONS SCIAGE'!$F:$F,'2-SESSIONS SCIAGE'!$I:$I,$A10,'2-SESSIONS SCIAGE'!$J:$J,$B10,'2-SESSIONS SCIAGE'!$C:$C,$C10,'2-SESSIONS SCIAGE'!$G:$G,"zéro")+SUMIFS('2-SESSIONS SCIAGE'!$F:$F,'2-SESSIONS SCIAGE'!$I:$I,$A10,'2-SESSIONS SCIAGE'!$J:$J,$B10,'2-SESSIONS SCIAGE'!$C:$C,$C10,'2-SESSIONS SCIAGE'!$G:$G,"panne mécanique")+SUMIFS('2-SESSIONS SCIAGE'!$F:$F,'2-SESSIONS SCIAGE'!$I:$I,$A10,'2-SESSIONS SCIAGE'!$J:$J,$B10,'2-SESSIONS SCIAGE'!$C:$C,$C10,'2-SESSIONS SCIAGE'!$G:$G,"panne électrique") -> 0 | G10: =SUMIFS('3-CHANGEMENTS LAMES'!$F:$F,'3-CHANGEMENTS LAMES'!$H:$H,$A10,'3-CHANGEMENTS LAMES'!$I:$I,$B10,'3-CHANGEMENTS LAMES'!$C:$C,$C10) -> 42 | H10: =SUMIFS('2-SESSIONS SCIAGE'!$H:$H,'2-SESSIONS SCIAGE'!$I:$I,$A10,'2-SESSIONS SCIAGE'!$J:$J,$B10,'2-SESSIONS SCIAGE'!$C:$C,$C10) -> 5 | I10: =F10+G10+H10 -> 47 | J10: =D10+E10+I10 -> 485
A11: 46149 | B11: Après-midi | C11: Bicoupe | D11: =SUMIFS('2-SESSIONS SCIAGE'!$F:$F,'2-SESSIONS SCIAGE'!$I:$I,$A11,'2-SESSIONS SCIAGE'!$J:$J,$B11,'2-SESSIONS SCIAGE'!$C:$C,$C11,'2-SESSIONS SCIAGE'!$G:$G,"ok") -> 404 | E11: =SUMIFS('2-SESSIONS SCIAGE'!$F:$F,'2-SESSIONS SCIAGE'!$I:$I,$A11,'2-SESSIONS SCIAGE'!$J:$J,$B11,'2-SESSIONS SCIAGE'!$C:$C,$C11,'2-SESSIONS SCIAGE'!$G:$G,"sciage un côté")+SUMIFS('2-SESSIONS SCIAGE'!$F:$F,'2-SESSIONS SCIAGE'!$I:$I,$A11,'2-SESSIONS SCIAGE'!$J:$J,$B11,'2-SESSIONS SCIAGE'!$C:$C,$C11,'2-SESSIONS SCIAGE'!$G:$G,"mauvaise épaisseur")+SUMIFS('2-SESSIONS SCIAGE'!$F:$F,'2-SESSIONS SCIAGE'!$I:$I,$A11,'2-SESSIONS SCIAGE'!$J:$J,$B11,'2-SESSIONS SCIAGE'!$C:$C,$C11,'2-SESSIONS SCIAGE'!$G:$G,"rayures")+SUMIFS('2-SESSIONS SCIAGE'!$F:$F,'2-SESSIONS SCIAGE'!$I:$I,$A11,'2-SESSIONS SCIAGE'!$J:$J,$B11,'2-SESSIONS SCIAGE'!$C:$C,$C11,'2-SESSIONS SCIAGE'!$G:$G,"deviation") -> 0 | F11: =SUMIFS('2-SESSIONS SCIAGE'!$F:$F,'2-SESSIONS SCIAGE'!$I:$I,$A11,'2-SESSIONS SCIAGE'!$J:$J,$B11,'2-SESSIONS SCIAGE'!$C:$C,$C11,'2-SESSIONS SCIAGE'!$G:$G,"zéro")+SUMIFS('2-SESSIONS SCIAGE'!$F:$F,'2-SESSIONS SCIAGE'!$I:$I,$A11,'2-SESSIONS SCIAGE'!$J:$J,$B11,'2-SESSIONS SCIAGE'!$C:$C,$C11,'2-SESSIONS SCIAGE'!$G:$G,"panne mécanique")+SUMIFS('2-SESSIONS SCIAGE'!$F:$F,'2-SESSIONS SCIAGE'!$I:$I,$A11,'2-SESSIONS SCIAGE'!$J:$J,$B11,'2-SESSIONS SCIAGE'!$C:$C,$C11,'2-SESSIONS SCIAGE'!$G:$G,"panne électrique") -> 26 | G11: =SUMIFS('3-CHANGEMENTS LAMES'!$F:$F,'3-CHANGEMENTS LAMES'!$H:$H,$A11,'3-CHANGEMENTS LAMES'!$I:$I,$B11,'3-CHANGEMENTS LAMES'!$C:$C,$C11) -> 50 | H11: =SUMIFS('2-SESSIONS SCIAGE'!$H:$H,'2-SESSIONS SCIAGE'!$I:$I,$A11,'2-SESSIONS SCIAGE'!$J:$J,$B11,'2-SESSIONS SCIAGE'!$C:$C,$C11) -> 15 | I11: =F11+G11+H11 -> 91 | J11: =D11+E11+I11 -> 495
A12: 46149 | B12: Nuit | C12: Bicoupe | D12: =SUMIFS('2-SESSIONS SCIAGE'!$F:$F,'2-SESSIONS SCIAGE'!$I:$I,$A12,'2-SESSIONS SCIAGE'!$J:$J,$B12,'2-SESSIONS SCIAGE'!$C:$C,$C12,'2-SESSIONS SCIAGE'!$G:$G,"ok") -> 452 | E12: =SUMIFS('2-SESSIONS SCIAGE'!$F:$F,'2-SESSIONS SCIAGE'!$I:$I,$A12,'2-SESSIONS SCIAGE'!$J:$J,$B12,'2-SESSIONS SCIAGE'!$C:$C,$C12,'2-SESSIONS SCIAGE'!$G:$G,"sciage un côté")+SUMIFS('2-SESSIONS SCIAGE'!$F:$F,'2-SESSIONS SCIAGE'!$I:$I,$A12,'2-SESSIONS SCIAGE'!$J:$J,$B12,'2-SESSIONS SCIAGE'!$C:$C,$C12,'2-SESSIONS SCIAGE'!$G:$G,"mauvaise épaisseur")+SUMIFS('2-SESSIONS SCIAGE'!$F:$F,'2-SESSIONS SCIAGE'!$I:$I,$A12,'2-SESSIONS SCIAGE'!$J:$J,$B12,'2-SESSIONS SCIAGE'!$C:$C,$C12,'2-SESSIONS SCIAGE'!$G:$G,"rayures")+SUMIFS('2-SESSIONS SCIAGE'!$F:$F,'2-SESSIONS SCIAGE'!$I:$I,$A12,'2-SESSIONS SCIAGE'!$J:$J,$B12,'2-SESSIONS SCIAGE'!$C:$C,$C12,'2-SESSIONS SCIAGE'!$G:$G,"deviation") -> 0 | F12: =SUMIFS('2-SESSIONS SCIAGE'!$F:$F,'2-SESSIONS SCIAGE'!$I:$I,$A12,'2-SESSIONS SCIAGE'!$J:$J,$B12,'2-SESSIONS SCIAGE'!$C:$C,$C12,'2-SESSIONS SCIAGE'!$G:$G,"zéro")+SUMIFS('2-SESSIONS SCIAGE'!$F:$F,'2-SESSIONS SCIAGE'!$I:$I,$A12,'2-SESSIONS SCIAGE'!$J:$J,$B12,'2-SESSIONS SCIAGE'!$C:$C,$C12,'2-SESSIONS SCIAGE'!$G:$G,"panne mécanique")+SUMIFS('2-SESSIONS SCIAGE'!$F:$F,'2-SESSIONS SCIAGE'!$I:$I,$A12,'2-SESSIONS SCIAGE'!$J:$J,$B12,'2-SESSIONS SCIAGE'!$C:$C,$C12,'2-SESSIONS SCIAGE'!$G:$G,"panne électrique") -> 0 | G12: =SUMIFS('3-CHANGEMENTS LAMES'!$F:$F,'3-CHANGEMENTS LAMES'!$H:$H,$A12,'3-CHANGEMENTS LAMES'!$I:$I,$B12,'3-CHANGEMENTS LAMES'!$C:$C,$C12) -> 13 | H12: =SUMIFS('2-SESSIONS SCIAGE'!$H:$H,'2-SESSIONS SCIAGE'!$I:$I,$A12,'2-SESSIONS SCIAGE'!$J:$J,$B12,'2-SESSIONS SCIAGE'!$C:$C,$C12) -> 3 | I12: =F12+G12+H12 -> 16 | J12: =D12+E12+I12 -> 468
A13: 46150 | B13: Matin | C13: Bicoupe | D13: =SUMIFS('2-SESSIONS SCIAGE'!$F:$F,'2-SESSIONS SCIAGE'!$I:$I,$A13,'2-SESSIONS SCIAGE'!$J:$J,$B13,'2-SESSIONS SCIAGE'!$C:$C,$C13,'2-SESSIONS SCIAGE'!$G:$G,"ok") -> 271 | E13: =SUMIFS('2-SESSIONS SCIAGE'!$F:$F,'2-SESSIONS SCIAGE'!$I:$I,$A13,'2-SESSIONS SCIAGE'!$J:$J,$B13,'2-SESSIONS SCIAGE'!$C:$C,$C13,'2-SESSIONS SCIAGE'!$G:$G,"sciage un côté")+SUMIFS('2-SESSIONS SCIAGE'!$F:$F,'2-SESSIONS SCIAGE'!$I:$I,$A13,'2-SESSIONS SCIAGE'!$J:$J,$B13,'2-SESSIONS SCIAGE'!$C:$C,$C13,'2-SESSIONS SCIAGE'!$G:$G,"mauvaise épaisseur")+SUMIFS('2-SESSIONS SCIAGE'!$F:$F,'2-SESSIONS SCIAGE'!$I:$I,$A13,'2-SESSIONS SCIAGE'!$J:$J,$B13,'2-SESSIONS SCIAGE'!$C:$C,$C13,'2-SESSIONS SCIAGE'!$G:$G,"rayures")+SUMIFS('2-SESSIONS SCIAGE'!$F:$F,'2-SESSIONS SCIAGE'!$I:$I,$A13,'2-SESSIONS SCIAGE'!$J:$J,$B13,'2-SESSIONS SCIAGE'!$C:$C,$C13,'2-SESSIONS SCIAGE'!$G:$G,"deviation") -> 141 | F13: =SUMIFS('2-SESSIONS SCIAGE'!$F:$F,'2-SESSIONS SCIAGE'!$I:$I,$A13,'2-SESSIONS SCIAGE'!$J:$J,$B13,'2-SESSIONS SCIAGE'!$C:$C,$C13,'2-SESSIONS SCIAGE'!$G:$G,"zéro")+SUMIFS('2-SESSIONS SCIAGE'!$F:$F,'2-SESSIONS SCIAGE'!$I:$I,$A13,'2-SESSIONS SCIAGE'!$J:$J,$B13,'2-SESSIONS SCIAGE'!$C:$C,$C13,'2-SESSIONS SCIAGE'!$G:$G,"panne mécanique")+SUMIFS('2-SESSIONS SCIAGE'!$F:$F,'2-SESSIONS SCIAGE'!$I:$I,$A13,'2-SESSIONS SCIAGE'!$J:$J,$B13,'2-SESSIONS SCIAGE'!$C:$C,$C13,'2-SESSIONS SCIAGE'!$G:$G,"panne électrique") -> 0 | G13: =SUMIFS('3-CHANGEMENTS LAMES'!$F:$F,'3-CHANGEMENTS LAMES'!$H:$H,$A13,'3-CHANGEMENTS LAMES'!$I:$I,$B13,'3-CHANGEMENTS LAMES'!$C:$C,$C13) -> 68 | H13: =SUMIFS('2-SESSIONS SCIAGE'!$H:$H,'2-SESSIONS SCIAGE'!$I:$I,$A13,'2-SESSIONS SCIAGE'!$J:$J,$B13,'2-SESSIONS SCIAGE'!$C:$C,$C13) -> 5 | I13: =F13+G13+H13 -> 73 | J13: =D13+E13+I13 -> 485
A14: 46150 | B14: Après-midi | C14: Bicoupe | D14: =SUMIFS('2-SESSIONS SCIAGE'!$F:$F,'2-SESSIONS SCIAGE'!$I:$I,$A14,'2-SESSIONS SCIAGE'!$J:$J,$B14,'2-SESSIONS SCIAGE'!$C:$C,$C14,'2-SESSIONS SCIAGE'!$G:$G,"ok") -> 305 | E14: =SUMIFS('2-SESSIONS SCIAGE'!$F:$F,'2-SESSIONS SCIAGE'!$I:$I,$A14,'2-SESSIONS SCIAGE'!$J:$J,$B14,'2-SESSIONS SCIAGE'!$C:$C,$C14,'2-SESSIONS SCIAGE'!$G:$G,"sciage un côté")+SUMIFS('2-SESSIONS SCIAGE'!$F:$F,'2-SESSIONS SCIAGE'!$I:$I,$A14,'2-SESSIONS SCIAGE'!$J:$J,$B14,'2-SESSIONS SCIAGE'!$C:$C,$C14,'2-SESSIONS SCIAGE'!$G:$G,"mauvaise épaisseur")+SUMIFS('2-SESSIONS SCIAGE'!$F:$F,'2-SESSIONS SCIAGE'!$I:$I,$A14,'2-SESSIONS SCIAGE'!$J:$J,$B14,'2-SESSIONS SCIAGE'!$C:$C,$C14,'2-SESSIONS SCIAGE'!$G:$G,"rayures")+SUMIFS('2-SESSIONS SCIAGE'!$F:$F,'2-SESSIONS SCIAGE'!$I:$I,$A14,'2-SESSIONS SCIAGE'!$J:$J,$B14,'2-SESSIONS SCIAGE'!$C:$C,$C14,'2-SESSIONS SCIAGE'!$G:$G,"deviation") -> 100 | F14: =SUMIFS('2-SESSIONS SCIAGE'!$F:$F,'2-SESSIONS SCIAGE'!$I:$I,$A14,'2-SESSIONS SCIAGE'!$J:$J,$B14,'2-SESSIONS SCIAGE'!$C:$C,$C14,'2-SESSIONS SCIAGE'!$G:$G,"zéro")+SUMIFS('2-SESSIONS SCIAGE'!$F:$F,'2-SESSIONS SCIAGE'!$I:$I,$A14,'2-SESSIONS SCIAGE'!$J:$J,$B14,'2-SESSIONS SCIAGE'!$C:$C,$C14,'2-SESSIONS SCIAGE'!$G:$G,"panne mécanique")+SUMIFS('2-SESSIONS SCIAGE'!$F:$F,'2-SESSIONS SCIAGE'!$I:$I,$A14,'2-SESSIONS SCIAGE'!$J:$J,$B14,'2-SESSIONS SCIAGE'!$C:$C,$C14,'2-SESSIONS SCIAGE'!$G:$G,"panne électrique") -> 0 | G14: =SUMIFS('3-CHANGEMENTS LAMES'!$F:$F,'3-CHANGEMENTS LAMES'!$H:$H,$A14,'3-CHANGEMENTS LAMES'!$I:$I,$B14,'3-CHANGEMENTS LAMES'!$C:$C,$C14) -> 75 | H14: =SUMIFS('2-SESSIONS SCIAGE'!$H:$H,'2-SESSIONS SCIAGE'!$I:$I,$A14,'2-SESSIONS SCIAGE'!$J:$J,$B14,'2-SESSIONS SCIAGE'!$C:$C,$C14) -> 5 | I14: =F14+G14+H14 -> 80 | J14: =D14+E14+I14 -> 485
A15: 46150 | B15: Nuit | C15: Bicoupe | D15: =SUMIFS('2-SESSIONS SCIAGE'!$F:$F,'2-SESSIONS SCIAGE'!$I:$I,$A15,'2-SESSIONS SCIAGE'!$J:$J,$B15,'2-SESSIONS SCIAGE'!$C:$C,$C15,'2-SESSIONS SCIAGE'!$G:$G,"ok") -> 291 | E15: =SUMIFS('2-SESSIONS SCIAGE'!$F:$F,'2-SESSIONS SCIAGE'!$I:$I,$A15,'2-SESSIONS SCIAGE'!$J:$J,$B15,'2-SESSIONS SCIAGE'!$C:$C,$C15,'2-SESSIONS SCIAGE'!$G:$G,"sciage un côté")+SUMIFS('2-SESSIONS SCIAGE'!$F:$F,'2-SESSIONS SCIAGE'!$I:$I,$A15,'2-SESSIONS SCIAGE'!$J:$J,$B15,'2-SESSIONS SCIAGE'!$C:$C,$C15,'2-SESSIONS SCIAGE'!$G:$G,"mauvaise épaisseur")+SUMIFS('2-SESSIONS SCIAGE'!$F:$F,'2-SESSIONS SCIAGE'!$I:$I,$A15,'2-SESSIONS SCIAGE'!$J:$J,$B15,'2-SESSIONS SCIAGE'!$C:$C,$C15,'2-SESSIONS SCIAGE'!$G:$G,"rayures")+SUMIFS('2-SESSIONS SCIAGE'!$F:$F,'2-SESSIONS SCIAGE'!$I:$I,$A15,'2-SESSIONS SCIAGE'!$J:$J,$B15,'2-SESSIONS SCIAGE'!$C:$C,$C15,'2-SESSIONS SCIAGE'!$G:$G,"deviation") -> 128 | F15: =SUMIFS('2-SESSIONS SCIAGE'!$F:$F,'2-SESSIONS SCIAGE'!$I:$I,$A15,'2-SESSIONS SCIAGE'!$J:$J,$B15,'2-SESSIONS SCIAGE'!$C:$C,$C15,'2-SESSIONS SCIAGE'!$G:$G,"zéro")+SUMIFS('2-SESSIONS SCIAGE'!$F:$F,'2-SESSIONS SCIAGE'!$I:$I,$A15,'2-SESSIONS SCIAGE'!$J:$J,$B15,'2-SESSIONS SCIAGE'!$C:$C,$C15,'2-SESSIONS SCIAGE'!$G:$G,"panne mécanique")+SUMIFS('2-SESSIONS SCIAGE'!$F:$F,'2-SESSIONS SCIAGE'!$I:$I,$A15,'2-SESSIONS SCIAGE'!$J:$J,$B15,'2-SESSIONS SCIAGE'!$C:$C,$C15,'2-SESSIONS SCIAGE'!$G:$G,"panne électrique") -> 0 | G15: =SUMIFS('3-CHANGEMENTS LAMES'!$F:$F,'3-CHANGEMENTS LAMES'!$H:$H,$A15,'3-CHANGEMENTS LAMES'!$I:$I,$B15,'3-CHANGEMENTS LAMES'!$C:$C,$C15) -> 38 | H15: =SUMIFS('2-SESSIONS SCIAGE'!$H:$H,'2-SESSIONS SCIAGE'!$I:$I,$A15,'2-SESSIONS SCIAGE'!$J:$J,$B15,'2-SESSIONS SCIAGE'!$C:$C,$C15) -> 23 | I15: =F15+G15+H15 -> 61 | J15: =D15+E15+I15 -> 480
A16: 46151 | B16: Matin | C16: Bicoupe | D16: =SUMIFS('2-SESSIONS SCIAGE'!$F:$F,'2-SESSIONS SCIAGE'!$I:$I,$A16,'2-SESSIONS SCIAGE'!$J:$J,$B16,'2-SESSIONS SCIAGE'!$C:$C,$C16,'2-SESSIONS SCIAGE'!$G:$G,"ok") -> 404 | E16: =SUMIFS('2-SESSIONS SCIAGE'!$F:$F,'2-SESSIONS SCIAGE'!$I:$I,$A16,'2-SESSIONS SCIAGE'!$J:$J,$B16,'2-SESSIONS SCIAGE'!$C:$C,$C16,'2-SESSIONS SCIAGE'!$G:$G,"sciage un côté")+SUMIFS('2-SESSIONS SCIAGE'!$F:$F,'2-SESSIONS SCIAGE'!$I:$I,$A16,'2-SESSIONS SCIAGE'!$J:$J,$B16,'2-SESSIONS SCIAGE'!$C:$C,$C16,'2-SESSIONS SCIAGE'!$G:$G,"mauvaise épaisseur")+SUMIFS('2-SESSIONS SCIAGE'!$F:$F,'2-SESSIONS SCIAGE'!$I:$I,$A16,'2-SESSIONS SCIAGE'!$J:$J,$B16,'2-SESSIONS SCIAGE'!$C:$C,$C16,'2-SESSIONS SCIAGE'!$G:$G,"rayures")+SUMIFS('2-SESSIONS SCIAGE'!$F:$F,'2-SESSIONS SCIAGE'!$I:$I,$A16,'2-SESSIONS SCIAGE'!$J:$J,$B16,'2-SESSIONS SCIAGE'!$C:$C,$C16,'2-SESSIONS SCIAGE'!$G:$G,"deviation") -> 0 | F16: =SUMIFS('2-SESSIONS SCIAGE'!$F:$F,'2-SESSIONS SCIAGE'!$I:$I,$A16,'2-SESSIONS SCIAGE'!$J:$J,$B16,'2-SESSIONS SCIAGE'!$C:$C,$C16,'2-SESSIONS SCIAGE'!$G:$G,"zéro")+SUMIFS('2-SESSIONS SCIAGE'!$F:$F,'2-SESSIONS SCIAGE'!$I:$I,$A16,'2-SESSIONS SCIAGE'!$J:$J,$B16,'2-SESSIONS SCIAGE'!$C:$C,$C16,'2-SESSIONS SCIAGE'!$G:$G,"panne mécanique")+SUMIFS('2-SESSIONS SCIAGE'!$F:$F,'2-SESSIONS SCIAGE'!$I:$I,$A16,'2-SESSIONS SCIAGE'!$J:$J,$B16,'2-SESSIONS SCIAGE'!$C:$C,$C16,'2-SESSIONS SCIAGE'!$G:$G,"panne électrique") -> 0 | G16: =SUMIFS('3-CHANGEMENTS LAMES'!$F:$F,'3-CHANGEMENTS LAMES'!$H:$H,$A16,'3-CHANGEMENTS LAMES'!$I:$I,$B16,'3-CHANGEMENTS LAMES'!$C:$C,$C16) -> 43 | H16: =SUMIFS('2-SESSIONS SCIAGE'!$H:$H,'2-SESSIONS SCIAGE'!$I:$I,$A16,'2-SESSIONS SCIAGE'!$J:$J,$B16,'2-SESSIONS SCIAGE'!$C:$C,$C16) -> 5 | I16: =F16+G16+H16 -> 48 | J16: =D16+E16+I16 -> 452
... A99: 46183 | B99: Nuit | C99: Bicoupe | D99: =SUMIFS('2-SESSIONS SCIAGE'!$F:$F,'2-SESSIONS SCIAGE'!$I:$I,$A99,'2-SESSIONS SCIAGE'!$J:$J,$B99,'2-SESSIONS SCIAGE'!$C:$C,$C99,'2-SESSIONS SCIAGE'!$G:$G,"ok") -> 323 | E99: =SUMIFS('2-SESSIONS SCIAGE'!$F:$F,'2-SESSIONS SCIAGE'!$I:$I,$A99,'2-SESSIONS SCIAGE'!$J:$J,$B99,'2-SESSIONS SCIAGE'!$C:$C,$C99,'2-SESSIONS SCIAGE'!$G:$G,"sciage un côté")+SUMIFS('2-SESSIONS SCIAGE'!$F:$F,'2-SESSIONS SCIAGE'!$I:$I,$A99,'2-SESSIONS SCIAGE'!$J:$J,$B99,'2-SESSIONS SCIAGE'!$C:$C,$C99,'2-SESSIONS SCIAGE'!$G:$G,"mauvaise épaisseur")+SUMIFS('2-SESSIONS SCIAGE'!$F:$F,'2-SESSIONS SCIAGE'!$I:$I,$A99,'2-SESSIONS SCIAGE'!$J:$J,$B99,'2-SESSIONS SCIAGE'!$C:$C,$C99,'2-SESSIONS SCIAGE'!$G:$G,"rayures")+SUMIFS('2-SESSIONS SCIAGE'!$F:$F,'2-SESSIONS SCIAGE'!$I:$I,$A99,'2-SESSIONS SCIAGE'!$J:$J,$B99,'2-SESSIONS SCIAGE'!$C:$C,$C99,'2-SESSIONS SCIAGE'!$G:$G,"deviation") -> 105 | F99: =SUMIFS('2-SESSIONS SCIAGE'!$F:$F,'2-SESSIONS SCIAGE'!$I:$I,$A99,'2-SESSIONS SCIAGE'!$J:$J,$B99,'2-SESSIONS SCIAGE'!$C:$C,$C99,'2-SESSIONS SCIAGE'!$G:$G,"zéro")+SUMIFS('2-SESSIONS SCIAGE'!$F:$F,'2-SESSIONS SCIAGE'!$I:$I,$A99,'2-SESSIONS SCIAGE'!$J:$J,$B99,'2-SESSIONS SCIAGE'!$C:$C,$C99,'2-SESSIONS SCIAGE'!$G:$G,"panne mécanique")+SUMIFS('2-SESSIONS SCIAGE'!$F:$F,'2-SESSIONS SCIAGE'!$I:$I,$A99,'2-SESSIONS SCIAGE'!$J:$J,$B99,'2-SESSIONS SCIAGE'!$C:$C,$C99,'2-SESSIONS SCIAGE'!$G:$G,"panne électrique") -> 31 | G99: =SUMIFS('3-CHANGEMENTS LAMES'!$F:$F,'3-CHANGEMENTS LAMES'!$H:$H,$A99,'3-CHANGEMENTS LAMES'!$I:$I,$B99,'3-CHANGEMENTS LAMES'!$C:$C,$C99) -> 16 | H99: =SUMIFS('2-SESSIONS SCIAGE'!$H:$H,'2-SESSIONS SCIAGE'!$I:$I,$A99,'2-SESSIONS SCIAGE'!$J:$J,$B99,'2-SESSIONS SCIAGE'!$C:$C,$C99) -> 25 | I99: =F99+G99+H99 -> 72 | J99: =D99+E99+I99 -> 500

Sheet 5-TRS
A1: TRS PAR POSTE-QUART — BICOUPE uniquement (filtré sur la machine)
A2: Un poste = un quart (date + créneau) de la BICOUPE. Réf 480 min. La Schulte est exclue de ce calcul (machine différente).
A3: Date quart | B3: Créneau | C3: Durée poste (min) | D3: Marche (min) | E3: Dispo | F3: Perf | G3: Qualité | H3: TRS | I3: chgt lame | J3: panne | K3: retard relève
A4: 46147 | B4: Après-midi | C4: 480 | D4: =SUMIFS('4-BILAN PAR POSTE'!$D:$D,'4-BILAN PAR POSTE'!$A:$A,A4,'4-BILAN PAR POSTE'!$B:$B,B4)+SUMIFS('4-BILAN PAR POSTE'!$E:$E,'4-BILAN PAR POSTE'!$A:$A,A4,'4-BILAN PAR POSTE'!$B:$B,B4) -> 413 | E4: =IF(C4=0,"",MIN(1,D4/C4)) -> 86% | F4: =IF(D4=0,"",(SUMIFS('4-BILAN PAR POSTE'!$D:$D,'4-BILAN PAR POSTE'!$A:$A,A4,'4-BILAN PAR POSTE'!$B:$B,B4)+0.5*SUMIFS('4-BILAN PAR POSTE'!$E:$E,'4-BILAN PAR POSTE'!$A:$A,A4,'4-BILAN PAR POSTE'!$B:$B,B4))/D4) -> 100% | G4: =IF(D4=0,"",SUMIFS('4-BILAN PAR POSTE'!$D:$D,'4-BILAN PAR POSTE'!$A:$A,A4,'4-BILAN PAR POSTE'!$B:$B,B4)/D4) -> 100% | H4: =IF(OR(E4="",F4="",G4=""),"",E4*F4*G4) -> 86% | I4: =SUMIFS('4-BILAN PAR POSTE'!$G:$G,'4-BILAN PAR POSTE'!$A:$A,A4,'4-BILAN PAR POSTE'!$B:$B,B4) -> 34 | J4: =SUMIFS('4-BILAN PAR POSTE'!$F:$F,'4-BILAN PAR POSTE'!$A:$A,A4,'4-BILAN PAR POSTE'!$B:$B,B4) -> 33 | K4: =SUMIFS('4-BILAN PAR POSTE'!$H:$H,'4-BILAN PAR POSTE'!$A:$A,A4,'4-BILAN PAR POSTE'!$B:$B,B4) -> 0
A5: 46147 | B5: Nuit | C5: 480 | D5: =SUMIFS('4-BILAN PAR POSTE'!$D:$D,'4-BILAN PAR POSTE'!$A:$A,A5,'4-BILAN PAR POSTE'!$B:$B,B5)+SUMIFS('4-BILAN PAR POSTE'!$E:$E,'4-BILAN PAR POSTE'!$A:$A,A5,'4-BILAN PAR POSTE'!$B:$B,B5) -> 420 | E5: =IF(C5=0,"",MIN(1,D5/C5)) -> 88% | F5: =IF(D5=0,"",(SUMIFS('4-BILAN PAR POSTE'!$D:$D,'4-BILAN PAR POSTE'!$A:$A,A5,'4-BILAN PAR POSTE'!$B:$B,B5)+0.5*SUMIFS('4-BILAN PAR POSTE'!$E:$E,'4-BILAN PAR POSTE'!$A:$A,A5,'4-BILAN PAR POSTE'!$B:$B,B5))/D5) -> 99% | G5: =IF(D5=0,"",SUMIFS('4-BILAN PAR POSTE'!$D:$D,'4-BILAN PAR POSTE'!$A:$A,A5,'4-BILAN PAR POSTE'!$B:$B,B5)/D5) -> 98% | H5: =IF(OR(E5="",F5="",G5=""),"",E5*F5*G5) -> 85% | I5: =SUMIFS('4-BILAN PAR POSTE'!$G:$G,'4-BILAN PAR POSTE'!$A:$A,A5,'4-BILAN PAR POSTE'!$B:$B,B5) -> 46 | J5: =SUMIFS('4-BILAN PAR POSTE'!$F:$F,'4-BILAN PAR POSTE'!$A:$A,A5,'4-BILAN PAR POSTE'!$B:$B,B5) -> 0 | K5: =SUMIFS('4-BILAN PAR POSTE'!$H:$H,'4-BILAN PAR POSTE'!$A:$A,A5,'4-BILAN PAR POSTE'!$B:$B,B5) -> 0
A6: 46148 | B6: Matin | C6: 480 | D6: =SUMIFS('4-BILAN PAR POSTE'!$D:$D,'4-BILAN PAR POSTE'!$A:$A,A6,'4-BILAN PAR POSTE'!$B:$B,B6)+SUMIFS('4-BILAN PAR POSTE'!$E:$E,'4-BILAN PAR POSTE'!$A:$A,A6,'4-BILAN PAR POSTE'!$B:$B,B6) -> 451 | E6: =IF(C6=0,"",MIN(1,D6/C6)) -> 94% | F6: =IF(D6=0,"",(SUMIFS('4-BILAN PAR POSTE'!$D:$D,'4-BILAN PAR POSTE'!$A:$A,A6,'4-BILAN PAR POSTE'!$B:$B,B6)+0.5*SUMIFS('4-BILAN PAR POSTE'!$E:$E,'4-BILAN PAR POSTE'!$A:$A,A6,'4-BILAN PAR POSTE'!$B:$B,B6))/D6) -> 100% | G6: =IF(D6=0,"",SUMIFS('4-BILAN PAR POSTE'!$D:$D,'4-BILAN PAR POSTE'!$A:$A,A6,'4-BILAN PAR POSTE'!$B:$B,B6)/D6) -> 100% | H6: =IF(OR(E6="",F6="",G6=""),"",E6*F6*G6) -> 94% | I6: =SUMIFS('4-BILAN PAR POSTE'!$G:$G,'4-BILAN PAR POSTE'!$A:$A,A6,'4-BILAN PAR POSTE'!$B:$B,B6) -> 29 | J6: =SUMIFS('4-BILAN PAR POSTE'!$F:$F,'4-BILAN PAR POSTE'!$A:$A,A6,'4-BILAN PAR POSTE'!$B:$B,B6) -> 0 | K6: =SUMIFS('4-BILAN PAR POSTE'!$H:$H,'4-BILAN PAR POSTE'!$A:$A,A6,'4-BILAN PAR POSTE'!$B:$B,B6) -> 14
A7: 46148 | B7: Après-midi | C7: 480 | D7: =SUMIFS('4-BILAN PAR POSTE'!$D:$D,'4-BILAN PAR POSTE'!$A:$A,A7,'4-BILAN PAR POSTE'!$B:$B,B7)+SUMIFS('4-BILAN PAR POSTE'!$E:$E,'4-BILAN PAR POSTE'!$A:$A,A7,'4-BILAN PAR POSTE'!$B:$B,B7) -> 390 | E7: =IF(C7=0,"",MIN(1,D7/C7)) -> 81% | F7: =IF(D7=0,"",(SUMIFS('4-BILAN PAR POSTE'!$D:$D,'4-BILAN PAR POSTE'!$A:$A,A7,'4-BILAN PAR POSTE'!$B:$B,B7)+0.5*SUMIFS('4-BILAN PAR POSTE'!$E:$E,'4-BILAN PAR POSTE'!$A:$A,A7,'4-BILAN PAR POSTE'!$B:$B,B7))/D7) -> 100% | G7: =IF(D7=0,"",SUMIFS('4-BILAN PAR POSTE'!$D:$D,'4-BILAN PAR POSTE'!$A:$A,A7,'4-BILAN PAR POSTE'!$B:$B,B7)/D7) -> 100% | H7: =IF(OR(E7="",F7="",G7=""),"",E7*F7*G7) -> 81% | I7: =SUMIFS('4-BILAN PAR POSTE'!$G:$G,'4-BILAN PAR POSTE'!$A:$A,A7,'4-BILAN PAR POSTE'!$B:$B,B7) -> 22 | J7: =SUMIFS('4-BILAN PAR POSTE'!$F:$F,'4-BILAN PAR POSTE'!$A:$A,A7,'4-BILAN PAR POSTE'!$B:$B,B7) -> 68 | K7: =SUMIFS('4-BILAN PAR POSTE'!$H:$H,'4-BILAN PAR POSTE'!$A:$A,A7,'4-BILAN PAR POSTE'!$B:$B,B7) -> 7
A8: 46148 | B8: Nuit | C8: 480 | D8: =SUMIFS('4-BILAN PAR POSTE'!$D:$D,'4-BILAN PAR POSTE'!$A:$A,A8,'4-BILAN PAR POSTE'!$B:$B,B8)+SUMIFS('4-BILAN PAR POSTE'!$E:$E,'4-BILAN PAR POSTE'!$A:$A,A8,'4-BILAN PAR POSTE'!$B:$B,B8) -> 424 | E8: =IF(C8=0,"",MIN(1,D8/C8)) -> 88% | F8: =IF(D8=0,"",(SUMIFS('4-BILAN PAR POSTE'!$D:$D,'4-BILAN PAR POSTE'!$A:$A,A8,'4-BILAN PAR POSTE'!$B:$B,B8)+0.5*SUMIFS('4-BILAN PAR POSTE'!$E:$E,'4-BILAN PAR POSTE'!$A:$A,A8,'4-BILAN PAR POSTE'!$B:$B,B8))/D8) -> 100% | G8: =IF(D8=0,"",SUMIFS('4-BILAN PAR POSTE'!$D:$D,'4-BILAN PAR POSTE'!$A:$A,A8,'4-BILAN PAR POSTE'!$B:$B,B8)/D8) -> 100% | H8: =IF(OR(E8="",F8="",G8=""),"",E8*F8*G8) -> 88% | I8: =SUMIFS('4-BILAN PAR POSTE'!$G:$G,'4-BILAN PAR POSTE'!$A:$A,A8,'4-BILAN PAR POSTE'!$B:$B,B8) -> 29 | J8: =SUMIFS('4-BILAN PAR POSTE'!$F:$F,'4-BILAN PAR POSTE'!$A:$A,A8,'4-BILAN PAR POSTE'!$B:$B,B8) -> 0 | K8: =SUMIFS('4-BILAN PAR POSTE'!$H:$H,'4-BILAN PAR POSTE'!$A:$A,A8,'4-BILAN PAR POSTE'!$B:$B,B8) -> 17
A9: 46149 | B9: Matin | C9: 480 | D9: =SUMIFS('4-BILAN PAR POSTE'!$D:$D,'4-BILAN PAR POSTE'!$A:$A,A9,'4-BILAN PAR POSTE'!$B:$B,B9)+SUMIFS('4-BILAN PAR POSTE'!$E:$E,'4-BILAN PAR POSTE'!$A:$A,A9,'4-BILAN PAR POSTE'!$B:$B,B9) -> 438 | E9: =IF(C9=0,"",MIN(1,D9/C9)) -> 91% | F9: =IF(D9=0,"",(SUMIFS('4-BILAN PAR POSTE'!$D:$D,'4-BILAN PAR POSTE'!$A:$A,A9,'4-BILAN PAR POSTE'!$B:$B,B9)+0.5*SUMIFS('4-BILAN PAR POSTE'!$E:$E,'4-BILAN PAR POSTE'!$A:$A,A9,'4-BILAN PAR POSTE'!$B:$B,B9))/D9) -> 74% | G9: =IF(D9=0,"",SUMIFS('4-BILAN PAR POSTE'!$D:$D,'4-BILAN PAR POSTE'!$A:$A,A9,'4-BILAN PAR POSTE'!$B:$B,B9)/D9) -> 49% | H9: =IF(OR(E9="",F9="",G9=""),"",E9*F9*G9) -> 33% | I9: =SUMIFS('4-BILAN PAR POSTE'!$G:$G,'4-BILAN PAR POSTE'!$A:$A,A9,'4-BILAN PAR POSTE'!$B:$B,B9) -> 42 | J9: =SUMIFS('4-BILAN PAR POSTE'!$F:$F,'4-BILAN PAR POSTE'!$A:$A,A9,'4-BILAN PAR POSTE'!$B:$B,B9) -> 0 | K9: =SUMIFS('4-BILAN PAR POSTE'!$H:$H,'4-BILAN PAR POSTE'!$A:$A,A9,'4-BILAN PAR POSTE'!$B:$B,B9) -> 5
A10: 46149 | B10: Après-midi | C10: 480 | D10: =SUMIFS('4-BILAN PAR POSTE'!$D:$D,'4-BILAN PAR POSTE'!$A:$A,A10,'4-BILAN PAR POSTE'!$B:$B,B10)+SUMIFS('4-BILAN PAR POSTE'!$E:$E,'4-BILAN PAR POSTE'!$A:$A,A10,'4-BILAN PAR POSTE'!$B:$B,B10) -> 404 | E10: =IF(C10=0,"",MIN(1,D10/C10)) -> 84% | F10: =IF(D10=0,"",(SUMIFS('4-BILAN PAR POSTE'!$D:$D,'4-BILAN PAR POSTE'!$A:$A,A10,'4-BILAN PAR POSTE'!$B:$B,B10)+0.5*SUMIFS('4-BILAN PAR POSTE'!$E:$E,'4-BILAN PAR POSTE'!$A:$A,A10,'4-BILAN PAR POSTE'!$B:$B,B10))/D10) -> 100% | G10: =IF(D10=0,"",SUMIFS('4-BILAN PAR POSTE'!$D:$D,'4-BILAN PAR POSTE'!$A:$A,A10,'4-BILAN PAR POSTE'!$B:$B,B10)/D10) -> 100% | H10: =IF(OR(E10="",F10="",G10=""),"",E10*F10*G10) -> 84% | I10: =SUMIFS('4-BILAN PAR POSTE'!$G:$G,'4-BILAN PAR POSTE'!$A:$A,A10,'4-BILAN PAR POSTE'!$B:$B,B10) -> 50 | J10: =SUMIFS('4-BILAN PAR POSTE'!$F:$F,'4-BILAN PAR POSTE'!$A:$A,A10,'4-BILAN PAR POSTE'!$B:$B,B10) -> 26 | K10: =SUMIFS('4-BILAN PAR POSTE'!$H:$H,'4-BILAN PAR POSTE'!$A:$A,A10,'4-BILAN PAR POSTE'!$B:$B,B10) -> 15
A11: 46149 | B11: Nuit | C11: 480 | D11: =SUMIFS('4-BILAN PAR POSTE'!$D:$D,'4-BILAN PAR POSTE'!$A:$A,A11,'4-BILAN PAR POSTE'!$B:$B,B11)+SUMIFS('4-BILAN PAR POSTE'!$E:$E,'4-BILAN PAR POSTE'!$A:$A,A11,'4-BILAN PAR POSTE'!$B:$B,B11) -> 452 | E11: =IF(C11=0,"",MIN(1,D11/C11)) -> 94% | F11: =IF(D11=0,"",(SUMIFS('4-BILAN PAR POSTE'!$D:$D,'4-BILAN PAR POSTE'!$A:$A,A11,'4-BILAN PAR POSTE'!$B:$B,B11)+0.5*SUMIFS('4-BILAN PAR POSTE'!$E:$E,'4-BILAN PAR POSTE'!$A:$A,A11,'4-BILAN PAR POSTE'!$B:$B,B11))/D11) -> 100% | G11: =IF(D11=0,"",SUMIFS('4-BILAN PAR POSTE'!$D:$D,'4-BILAN PAR POSTE'!$A:$A,A11,'4-BILAN PAR POSTE'!$B:$B,B11)/D11) -> 100% | H11: =IF(OR(E11="",F11="",G11=""),"",E11*F11*G11) -> 94% | I11: =SUMIFS('4-BILAN PAR POSTE'!$G:$G,'4-BILAN PAR POSTE'!$A:$A,A11,'4-BILAN PAR POSTE'!$B:$B,B11) -> 13 | J11: =SUMIFS('4-BILAN PAR POSTE'!$F:$F,'4-BILAN PAR POSTE'!$A:$A,A11,'4-BILAN PAR POSTE'!$B:$B,B11) -> 0 | K11: =SUMIFS('4-BILAN PAR POSTE'!$H:$H,'4-BILAN PAR POSTE'!$A:$A,A11,'4-BILAN PAR POSTE'!$B:$B,B11) -> 3
A12: 46150 | B12: Matin | C12: 480 | D12: =SUMIFS('4-BILAN PAR POSTE'!$D:$D,'4-BILAN PAR POSTE'!$A:$A,A12,'4-BILAN PAR POSTE'!$B:$B,B12)+SUMIFS('4-BILAN PAR POSTE'!$E:$E,'4-BILAN PAR POSTE'!$A:$A,A12,'4-BILAN PAR POSTE'!$B:$B,B12) -> 412 | E12: =IF(C12=0,"",MIN(1,D12/C12)) -> 86% | F12: =IF(D12=0,"",(SUMIFS('4-BILAN PAR POSTE'!$D:$D,'4-BILAN PAR POSTE'!$A:$A,A12,'4-BILAN PAR POSTE'!$B:$B,B12)+0.5*SUMIFS('4-BILAN PAR POSTE'!$E:$E,'4-BILAN PAR POSTE'!$A:$A,A12,'4-BILAN PAR POSTE'!$B:$B,B12))/D12) -> 83% | G12: =IF(D12=0,"",SUMIFS('4-BILAN PAR POSTE'!$D:$D,'4-BILAN PAR POSTE'!$A:$A,A12,'4-BILAN PAR POSTE'!$B:$B,B12)/D12) -> 66% | H12: =IF(OR(E12="",F12="",G12=""),"",E12*F12*G12) -> 47% | I12: =SUMIFS('4-BILAN PAR POSTE'!$G:$G,'4-BILAN PAR POSTE'!$A:$A,A12,'4-BILAN PAR POSTE'!$B:$B,B12) -> 68 | J12: =SUMIFS('4-BILAN PAR POSTE'!$F:$F,'4-BILAN PAR POSTE'!$A:$A,A12,'4-BILAN PAR POSTE'!$B:$B,B12) -> 0 | K12: =SUMIFS('4-BILAN PAR POSTE'!$H:$H,'4-BILAN PAR POSTE'!$A:$A,A12,'4-BILAN PAR POSTE'!$B:$B,B12) -> 5
A13: 46150 | B13: Après-midi | C13: 480 | D13: =SUMIFS('4-BILAN PAR POSTE'!$D:$D,'4-BILAN PAR POSTE'!$A:$A,A13,'4-BILAN PAR POSTE'!$B:$B,B13)+SUMIFS('4-BILAN PAR POSTE'!$E:$E,'4-BILAN PAR POSTE'!$A:$A,A13,'4-BILAN PAR POSTE'!$B:$B,B13) -> 405 | E13: =IF(C13=0,"",MIN(1,D13/C13)) -> 84% | F13: =IF(D13=0,"",(SUMIFS('4-BILAN PAR POSTE'!$D:$D,'4-BILAN PAR POSTE'!$A:$A,A13,'4-BILAN PAR POSTE'!$B:$B,B13)+0.5*SUMIFS('4-BILAN PAR POSTE'!$E:$E,'4-BILAN PAR POSTE'!$A:$A,A13,'4-BILAN PAR POSTE'!$B:$B,B13))/D13) -> 88% | G13: =IF(D13=0,"",SUMIFS('4-BILAN PAR POSTE'!$D:$D,'4-BILAN PAR POSTE'!$A:$A,A13,'4-BILAN PAR POSTE'!$B:$B,B13)/D13) -> 75% | H13: =IF(OR(E13="",F13="",G13=""),"",E13*F13*G13) -> 56% | I13: =SUMIFS('4-BILAN PAR POSTE'!$G:$G,'4-BILAN PAR POSTE'!$A:$A,A13,'4-BILAN PAR POSTE'!$B:$B,B13) -> 75 | J13: =SUMIFS('4-BILAN PAR POSTE'!$F:$F,'4-BILAN PAR POSTE'!$A:$A,A13,'4-BILAN PAR POSTE'!$B:$B,B13) -> 0 | K13: =SUMIFS('4-BILAN PAR POSTE'!$H:$H,'4-BILAN PAR POSTE'!$A:$A,A13,'4-BILAN PAR POSTE'!$B:$B,B13) -> 5
A14: 46150 | B14: Nuit | C14: 480 | D14: =SUMIFS('4-BILAN PAR POSTE'!$D:$D,'4-BILAN PAR POSTE'!$A:$A,A14,'4-BILAN PAR POSTE'!$B:$B,B14)+SUMIFS('4-BILAN PAR POSTE'!$E:$E,'4-BILAN PAR POSTE'!$A:$A,A14,'4-BILAN PAR POSTE'!$B:$B,B14) -> 419 | E14: =IF(C14=0,"",MIN(1,D14/C14)) -> 87% | F14: =IF(D14=0,"",(SUMIFS('4-BILAN PAR POSTE'!$D:$D,'4-BILAN PAR POSTE'!$A:$A,A14,'4-BILAN PAR POSTE'!$B:$B,B14)+0.5*SUMIFS('4-BILAN PAR POSTE'!$E:$E,'4-BILAN PAR POSTE'!$A:$A,A14,'4-BILAN PAR POSTE'!$B:$B,B14))/D14) -> 85% | G14: =IF(D14=0,"",SUMIFS('4-BILAN PAR POSTE'!$D:$D,'4-BILAN PAR POSTE'!$A:$A,A14,'4-BILAN PAR POSTE'!$B:$B,B14)/D14) -> 69% | H14: =IF(OR(E14="",F14="",G14=""),"",E14*F14*G14) -> 51% | I14: =SUMIFS('4-BILAN PAR POSTE'!$G:$G,'4-BILAN PAR POSTE'!$A:$A,A14,'4-BILAN PAR POSTE'!$B:$B,B14) -> 38 | J14: =SUMIFS('4-BILAN PAR POSTE'!$F:$F,'4-BILAN PAR POSTE'!$A:$A,A14,'4-BILAN PAR POSTE'!$B:$B,B14) -> 0 | K14: =SUMIFS('4-BILAN PAR POSTE'!$H:$H,'4-BILAN PAR POSTE'!$A:$A,A14,'4-BILAN PAR POSTE'!$B:$B,B14) -> 23
A15: 46151 | B15: Matin | C15: 480 | D15: =SUMIFS('4-BILAN PAR POSTE'!$D:$D,'4-BILAN PAR POSTE'!$A:$A,A15,'4-BILAN PAR POSTE'!$B:$B,B15)+SUMIFS('4-BILAN PAR POSTE'!$E:$E,'4-BILAN PAR POSTE'!$A:$A,A15,'4-BILAN PAR POSTE'!$B:$B,B15) -> 404 | E15: =IF(C15=0,"",MIN(1,D15/C15)) -> 84% | F15: =IF(D15=0,"",(SUMIFS('4-BILAN PAR POSTE'!$D:$D,'4-BILAN PAR POSTE'!$A:$A,A15,'4-BILAN PAR POSTE'!$B:$B,B15)+0.5*SUMIFS('4-BILAN PAR POSTE'!$E:$E,'4-BILAN PAR POSTE'!$A:$A,A15,'4-BILAN PAR POSTE'!$B:$B,B15))/D15) -> 100% | G15: =IF(D15=0,"",SUMIFS('4-BILAN PAR POSTE'!$D:$D,'4-BILAN PAR POSTE'!$A:$A,A15,'4-BILAN PAR POSTE'!$B:$B,B15)/D15) -> 100% | H15: =IF(OR(E15="",F15="",G15=""),"",E15*F15*G15) -> 84% | I15: =SUMIFS('4-BILAN PAR POSTE'!$G:$G,'4-BILAN PAR POSTE'!$A:$A,A15,'4-BILAN PAR POSTE'!$B:$B,B15) -> 43 | J15: =SUMIFS('4-BILAN PAR POSTE'!$F:$F,'4-BILAN PAR POSTE'!$A:$A,A15,'4-BILAN PAR POSTE'!$B:$B,B15) -> 0 | K15: =SUMIFS('4-BILAN PAR POSTE'!$H:$H,'4-BILAN PAR POSTE'!$A:$A,A15,'4-BILAN PAR POSTE'!$B:$B,B15) -> 5
... A98: 46183 | B98: Nuit | C98: 480 | D98: =SUMIFS('4-BILAN PAR POSTE'!$D:$D,'4-BILAN PAR POSTE'!$A:$A,A98,'4-BILAN PAR POSTE'!$B:$B,B98)+SUMIFS('4-BILAN PAR POSTE'!$E:$E,'4-BILAN PAR POSTE'!$A:$A,A98,'4-BILAN PAR POSTE'!$B:$B,B98) -> 428 | E98: =IF(C98=0,"",MIN(1,D98/C98)) -> 89% | F98: =IF(D98=0,"",(SUMIFS('4-BILAN PAR POSTE'!$D:$D,'4-BILAN PAR POSTE'!$A:$A,A98,'4-BILAN PAR POSTE'!$B:$B,B98)+0.5*SUMIFS('4-BILAN PAR POSTE'!$E:$E,'4-BILAN PAR POSTE'!$A:$A,A98,'4-BILAN PAR POSTE'!$B:$B,B98))/D98) -> 88% | G98: =IF(D98=0,"",SUMIFS('4-BILAN PAR POSTE'!$D:$D,'4-BILAN PAR POSTE'!$A:$A,A98,'4-BILAN PAR POSTE'!$B:$B,B98)/D98) -> 75% | H98: =IF(OR(E98="",F98="",G98=""),"",E98*F98*G98) -> 59% | I98: =SUMIFS('4-BILAN PAR POSTE'!$G:$G,'4-BILAN PAR POSTE'!$A:$A,A98,'4-BILAN PAR POSTE'!$B:$B,B98) -> 16 | J98: =SUMIFS('4-BILAN PAR POSTE'!$F:$F,'4-BILAN PAR POSTE'!$A:$A,A98,'4-BILAN PAR POSTE'!$B:$B,B98) -> 31 | K98: =SUMIFS('4-BILAN PAR POSTE'!$H:$H,'4-BILAN PAR POSTE'!$A:$A,A98,'4-BILAN PAR POSTE'!$B:$B,B98) -> 25
A100: MOYENNE / TOTAL | D100: =SUM(D4:D98) -> 36841 | E100: =AVERAGE(E4:E98) -> 80% | F100: =AVERAGE(F4:F98) -> 92% | G100: =AVERAGE(G4:G98) -> 85% | H100: =AVERAGE(H4:H98) -> 64% | I100: =SUM(I4:I98) -> 4072 | J100: =SUM(J4:J98) -> 2639 | K100: =SUM(K4:K98) -> 2174

Sheet 6-PERSONNEL
A1: PERSONNEL (bloc 2 du rapport)
A2: QUOI REMPLIR (jaune) : absences, retards, EPI manquants. Une ligne par personne.
A3: Surtout utile pour l'application. Recopie le bloc 2)LE PERSONNEL du rapport du chef.
A4: Date | B4: Équipe | C4: Type (absence/retard/EPI) | D4: Nom | E4: Motif / détail | F4: Minutes (si retard)
A5: 46185 | B5: A | C5: absence | D5: ZEGUE MARK
A6: 46185 | B6: A | C6: EPI manquant | D6: OYONO TOBIE | E6: TENUE
A7: 46185 | B7: A | C7: EPI manquant | D7: MENDJIM | E7: TENUE
A8: 46185 | B8: A | C8: EPI manquant | D8: WABO | E8: TENUE
A9: 46185 | B9: A | C9: EPI manquant | D9: EVINA | E9: TENUE
A10: 46185 | B10: A | C10: EPI manquant | D10: TCHOUPE | E10: TENUE
A11: 46185 | B11: A | C11: EPI manquant | D11: AGOUME | E11: TENUE
A12: 46185 | B12: A | C12: EPI manquant | D12: TSOBE?G | E12: TENUE
A13: 46184 | B13: A | C13: absence | D13: ZEGUE MARK | E13: TENUE
A14: 46184 | B14: A | C14: retard | D14: WABO | E14: TENUE
A15: 46184 | B15: A | C15: retard | D15: MENDJIM | E15: TENUE
A16: 46184 | B16: A | C16: retard | D16: NOCKMUS | E16: TENUE
A17: 46184 | B17: A | C17: EPI manquant | D17: AGOUME | E17: TENUE
... A25: 46183 | B25: B | C25: EPI manquant | D25: LELE | E25: TENUE
A26: 46183 | B26: A | C26: absence | D26: ZEGUE MARK
A27: 46183 | B27: A | C27: absence | D27: ZANG
A28: 46183 | B28: A | C28: retard+EPI | D28: NOCKMUS | E28: TENUE | F28: 10
A29: 46183 | B29: A | C29: EPI manquant | D29: EBONY | E29: TENUE
A30: 46183 | B30: A | C30: retard+EPI | D30: MENDJIM | E30: TENUE | F30: 10
A31: 46183 | B31: A | C31: EPI manquant | D31: EVINA | E31: TENUE
A32: 46183 | B32: A | C32: EPI manquant | D32: OYONO TOBIE | E32: TENUE
A33: 46183 | B33: A | C33: EPI manquant | D33: MBIDA | E33: TENUE
A34: 46183 | B34: A | C34: EPI manquant | D34: AGOUME | E34: TENUE
A35: 46183 | B35: A | C35: retard+EPI | D35: WABO | E35: TENUE | F35: 15
A36: 46183 | B36: A | C36: retard+EPI | D36: MOUSSA | E36: TENUE | F36: 10
A37: 46182 | B37: A | C37: absence | D37: ZEGUE MARK | E37: TENUE
A38: 46182 | B38: A | C38: EPI manquant | D38: MENDJIM | E38: TENUE
A39: 46182 | B39: A | C39: EPI manquant | D39: LAGMO | E39: TENUE
A40: 46182 | B40: A | C40: EPI manquant | D40: FOTSO | E40: TENUE
A41: 46182 | B41: A | C41: EPI manquant | D41: EVINA | E41: TENUE
A42: 46182 | B42: A | C42: EPI manquant | D42: OYONO TOBIE | E42: TENUE
A43: 46182 | B43: A | C43: EPI manquant | D43: TCHOUPE | E43: TENUE
A44: 46181 | B44: A | C44: absence | D44: ZEGUE MARK
A45: 46177 | B45: A | C45: absence | D45: ZEGUE MARK
A46: 46177 | B46: A | C46: absence | D46: IYAFA | E46: MALADE
A47: 46176 | B47: A | C47: absence | D47: IYAFA | E47: MALADE
A48: 46177 | B48: B | C48: absence | D48: WABO
A49: 46177 | B49: B | C49: absence | D49: NEBA | E49: INJUSTIFIE
A50: 46177 | B50: B | C50: retard | D50: BELINGA | E50: TOUJOURS EN RETARD | F50: 10
A51: 46177 | B51: B | C51: EPI manquant | D51: EBANA | E51: TENUE
A52: 46177 | B52: B | C52: absence | D52: LELE | E52: TENUE
A53: 46174 | B53: B | C53: absence | D53: WABO | E53: MALADE
A54: 46174 | B54: B | C54: absence | D54: NEBA | E54: INJUSTIFIE
A55: 46174 | B55: B | C55: retard | D55: BELINGA | F55: 10
A56: 46174 | B56: B | C56: retard | D56: MBANE | F56: 10
A57: 46174 | B57: A | C57: retard | D57: IYAFA | E57: MALADE
A58: 46178 | B58: B | C58: absence | D58: WABO | E58: MALADE
A59: 46178 | B59: B | C59: absence | D59: NEBA | E59: INJUSTIFIE
A60: 46178 | B60: B | C60: EPI manquant | D60: LELE | E60: TENUE
A61: 46178 | B61: B | C61: EPI manquant | D61: EBANDA | E61: TENUE
A62: 46178 | B62: B | C62: absence | D62: IYAFA | E62: MALADE
A63: 46178 | B63: B | C63: absence | D63: ZEGUE MARK
A64: 46178 | B64: B | C64: absence | D64: WABO
A65: 46178 | B65: B | C65: absence | D65: NEBA
A66: 46178 | B66: B | C66: EPI manquant | D66: LELE | E66: TENUE
A67: 46178 | B67: B | C67: EPI manquant | D67: EBANDA | E67: TENUE
A68: 46172 | B68: B | C68: absence | D68: IYAFA
A69: 46172 | B69: B | C69: absence | D69: WAMBO
A70: 46172 | B70: B | C70: retard | D70: WABO | F70: 15
A71: 46172 | B71: B | C71: EPI manquant | D71: WABO | E71: TENUE
A72: 46172 | B72: B | C72: EPI manquant | D72: MENDJIM | E72: TENUE
A73: 46172 | B73: B | C73: EPI manquant | D73: OYONO TOBIE | E73: TENUE
A74: 46172 | B74: B | C74: EPI manquant | D74: EVINA | E74: TENUE
A75: 46172 | B75: A | C75: absence | D75: MENYE | E75: PERMISSION
A76: 46172 | B76: A | C76: absence | D76: ZEUPI | E76: PERMISSION
A77: 46172 | B77: A | C77: absence | D77: EBA | E77: PERMISSION
A78: 46172 | B78: A | C78: absence | D78: ALI | E78: PERMISSION
A79: 46172 | B79: A | C79: EPI manquant | D79: EBANDA | E79: TENUE
A80: 46172 | B80: A | C80: EPI manquant | D80: LELE | E80: TENUE
A81: 46170 | B81: A | C81: EPI manquant | D81: IYAFA | E81: TENUE
A82: 46170 | B82: A | C82: EPI manquant | D82: LAGMO | E82: TENUE
... A85: 46170 | B85: A | C85: EPI manquant | D85: EVINA | E85: TENUE
A86: 46171 | B86: A | C86: absence | D86: IYAFA
A87: 46171 | B87: A | C87: retard | D87: MEDJIM | F87: 15
A88: 46171 | B88: A | C88: EPI manquant | D88: TALA | E88: TENUE
A89: 46171 | B89: A | C89: EPI manquant | D89: LAGMO | E89: TENUE
A90: 46171 | B90: A | C90: EPI manquant | D90: AGOUME | E90: TENUE
A91: 46171 | B91: A | C91: EPI manquant | D91: MEDJIM | E91: TENUE
A92: 46171 | B92: A | C92: EPI manquant | D92: OYONO TOBIE | E92: TENUE
A93: 46170 | B93: A | C93: absence | D93: NEBA | E93: INJUSTIFIE
A94: 46170 | B94: A | C94: absence | D94: WABO | E94: MALADE
A95: 46170 | B95: A | C95: EPI manquant | D95: LELE | E95: TENUE
A96: 46170 | B96: A | C96: EPI manquant | D96: EBANDA | E96: TENUE
A97: 46169 | B97: A | C97: absence | D97: IYAFA
A98: 46169 | B98: A | C98: retard | D98: FOGUE | F98: 30
A99: 46169 | B99: A | C99: retard | D99: WAMBA | F99: 15
A100: 46169 | B100: A | C100: retard | D100: MEDJIM | F100: 13
A101: 46169 | B101: A | C101: EPI manquant | D101: TALA | E101: TENUE
A102: 46169 | B102: A | C102: EPI manquant | D102: EVINA | E102: TENUE
A103: 46169 | B103: A | C103: EPI manquant | D103: ZEMENGUE | E103: TENUE
A104: 46169 | B104: A | C104: absence | D104: ABATE | E104: INJUSTIFIE
A105: 46169 | B105: A | C105: absence | D105: OBAM | E105: INJUSTIFIE
A106: 46168 | B106: A | C106: absence | D106: EKEL | E106: MALADE
A107: 46168 | B107: A | C107: absence | D107: IYAFA | E107: INJUSTIFIE
A108: 46169 | B108: B | C108: absence | D108: NEBA | E108: INJUSTIFIE
A109: 46169 | B109: B | C109: absence | D109: WABO | E109: INJUSTIFIE
...

Sheet 7-BILAN JOURNÉE DU CHEF
A1: BILAN / OBSERVATION DE LA JOURNÉE — PAR LE CHEF
A2: QUOI REMPLIR (jaune) : le bilan général écrit par le chef (remarques, points à améliorer).
A3: C'est le bloc 5)BILAN DE LA JOURNÉE du rapport du chef. Une ligne par poste (date + équipe).
A4: Date | B4: Équipe | C4: Chaîne | D4: Observation / bilan de la journée (texte du chef)
A5: 46147 | B5: B | C5: 4 | D5: mauvaise qaulité du bois (frake)
A6: 46147 | B6: B | C6: 4
A7: 46147 | B7: B | C7: 4
A8: 46148 | B8: B | C8: 4
A9: 46148 | B9: B | C9: 4
A10: 46148 | B10: B | C10: 4
A11: 46148 | B11: A | C11: 4 | D11: bois ayant trop de defaut
A12: 46148 | B12: A | C12: 4
A13: 46148 | B13: A | C13: 4
A14: 46148 | B14: B | C14: 4
A15: 46148 | B15: B | C15: 4 | D15: bois trop sale
A16: 46148 | B16: B | C16: 4
A17: 46149 | B17: C | C17: 4
A18: 46149 | B18: C | C18: 4
A19: 46149 | B19: A | C19: 4
A20: 46149 | B20: A | C20: 4
A21: 46149 | B21: A | C21: 4
A22: 46149 | B22: A | C22: 4
A23: 46149 | B23: B | C23: 4
A24: 46149 | B24: B | C24: 4
A25: 46149 | B25: B | C25: 4 | D25: plusiers arret à cause des lames
A26: 46149 | B26: B | C26: 4
A27: 46150 | B27: C | C27: 4
A28: 46150 | B28: C | C28: 4
A29: 46150 | B29: C | C29: 4
A30: 46150 | B30: A | C30: 4
A31: 46150 | B31: A | C31: 4
A32: 46150 | B32: A | C32: 4
A33: 46150 | B33: A | C33: 4
A34: 46150 | B34: B | C34: 4
A35: 46150 | B35: B | C35: 4
A36: 46150 | B36: B | C36: 4 | D36: bois de qualité mediocre et pertubation des lames
A37: 46150 | B37: B | C37: 4
A38: 46151 | B38: C | C38: 4
A39: 46151 | B39: C | C39: 4
A40: 46151 | B40: C | C40: 4
A41: 46151 | B41: C | C41: 4
A42: 46151 | B42: A | C42: 4
A43: 46151 | B43: A | C43: 4
A44: 46151 | B44: A | C44: 4
A45: 46151 | B45: A | C45: 4
A46: 46151 | B46: B | C46: 4 | D46: journée de traavail mediocre à cause des lames et de la qualité du bois
A47: 46151 | B47: B | C47: 4
A48: 46151 | B48: B | C48: 4
A49: 46151 | B49: B | C49: 4
A50: 46152 | B50: C | C50: 4
A51: 46152 | B51: C | C51: 4
A52: 46152 | B52: A | C52: 4
A53: 46152 | B53: A | C53: 4
A54: 46153 | B54: B | C54: 4
A55: 46153 | B55: B | C55: 4
A56: 46153 | B56: B | C56: 4
A57: 46153 | B57: A | C57: 4
A58: 46153 | B58: A | C58: 4
... A121: 46160 | B121: A | C121: 4
A122: 46160 | B122: A | C122: 4 | D122: probleme de lame sur la bcoupe qui enngendre deviation et sciage un coté
A123: 46160 | B123: A | C123: 4
A124: 46160 | B124: A | C124: 4
A125: 46160 | B125: A | C125: 4
A126: 46160 | B126: B | C126: 4
A127: 46160 | B127: B | C127: 4
A128: 46160 | B128: B | C128: 4
A129: 46160 | B129: B | C129: 4
A130: 46160 | B130: C | C130: 4
A131: 46160 | B131: C | C131: 4
A132: 46161 | B132: C | C132: 4
A133: 46161 | B133: C | C133: 4
A134: 46161 | B134: A | C134: 4
... A137: 46161 | B137: A | C137: 4
A138: 46161 | B138: B | C138: 4 | D138: journée de travail mediocre car les lames ne sont pas de bonne qualité
A139: 46161 | B139: B | C139: 4
A140: 46161 | B140: B | C140: 4
A141: 46162 | B141: C | C141: 4
A142: 46162 | B142: C | C142: 4
A143: 46162 | B143: A | C143: 4
A144: 46162 | B144: A | C144: 4
A145: 46162 | B145: A | C145: 4
A146: 46162 | B146: B | C146: 4
A147: 46162 | B147: B | C147: 4
A148: 46162 | B148: B | C148: 4
A149: 46162 | B149: B | C149: 4
A150: 46162 | B150: C | C150: 4
A151: 46163 | B151: A | C151: 4 | D151: journée de traval mediocre car pertubation des lames
A152: 46163 | B152: C | C152: 4
A153: 46164 | B153: A | C153: 4
A154: 46164 | B154: A | C154: 4
A155: 46164 | B155: A | C155: 4
A156: 46164 | B156: B | C156: 4
A157: 46164 | B157: B | C157: 4
A158: 46164 | B158: B | C158: 4
A159: 46164 | B159: B | C159: 4
A160: 46165 | B160: C | C160: 4
A161: 46165 | B161: C | C161: 4
A162: 46165 | B162: C | C162: 4
A163: 46165 | B163: A | C163: 4
... A170: 46165 | B170: B | C170: 4
...

Sheet 8-PRODUCTION POSTE
A1: PRODUCTION PAR POSTE (bloc 1 du rapport)
A2: QUOI REMPLIR (jaune) : une ligne par essence produite dans le poste : contrat, essence, billons, demi-lunes, colis.
A3: Recopie le bloc 1)PRODUCTION du rapport du chef. Plusieurs essences le même jour = plusieurs lignes.
A4: Date | B4: Équipe | C4: N° contrat | D4: Essence | E4: Nb billons | F4: Nb demi-lunes/plateaux | G4: Colis principal | H4: Colis récup. | I4: Observations
A5: 46185 | B5: A | C5: D297525/11 | D5: Bilinga | E5: 52 | F5: 65 | G5: 4 | H5: 3
A6: 46185 | B6: A | D6: Azobé | G6: 1 | H6: 1
A7: 46185 | B7: A | D7: DABEMA | H7: 1
A8: 46185 | B8: B | C8: D15426/05 | D8: Bilinga | E8: 25 | G8: 10 | H8: 1 | I8: BOIS MEDIORCRE
A9: 46185 | B9: B | C9: D04026/02 | D9: MOABI | E9: 5 | I9: RAS
A10: 46185 | B10: B | D10: Azobé | H10: 1 | I10: RAS
A11: 46184 | B11: A | C11: D297525/11 | D11: Bilinga | E11: 10 | F11: 74 | G11: 9 | H11: 2
A12: 46184 | B12: A | D12: MOABI | E12: 15 | F12: 42
A13: 46184 | B13: A | D13: FRAKE | G13: 1
A14: 46184 | D14: DABEMA | G14: 2
A15: 46183 | B15: B | C15: D06426/02 | D15: Bilinga | F15: 35 | G15: 8 | I15: BOIS PASSABLE
A16: 46183 | B16: B | D16: MOABI | E16: 2 | I16: RAS
A17: 46183 | B17: B | C17: D03926/02 | D17: Bilinga | F17: 3 | I17: RAS
A18: 46183 | B18: A | C18: D14126/02 | D18: DABEMA | E18: 5 | F18: 14 | H18: (ici on reccuperer 2 AZOBE)
A19: 46183 | B19: A | C19: D04026/02 | D19: moabi | E19: 11 | F19: 28 | H19: (1 ayous reccuperé)
A20: 46183 | B20: A | C20: D03926/02 | D20: Bilinga | F20: 55 | H20: 2
A21: 46183 | B21: A | D21: FRAKE | F21: 2 | G21: 2
A22: 46182 | B22: A | C22: D06426/02 | D22: Ayous | E22: 30 | F22: 50 | G22: 7
A23: 46182 | B23: A | D23: Ayous | G23: 5
A24: 46182 | B24: A | D24: Ayous | G24: 1
A25: 46182 | B25: A | D25: DABEMA | G25: 2
A26: 46181 | B26: A | C26: D14126/04 | D26: Ayous | E26: 38 | F26: 56 | G26: 6
A27: 46181 | B27: A | D27: Ayous | G27: 4
A28: 46177 | B28: A | C28: D08726/03 | D28: FRAKE | F28: 46 | G28: 3
A29: 46177 | B29: A | D29: FRAKE | G29: 2
A30: 46176 | B30: A | C30: D16126/05 | D30: Ayous | E30: 3 | F30: 9 | G30: 4
A31: 46176 | B31: A | C31: D05626/02 | D31: Movingui | E31: 18 | F31: 37 | G31: 4
A32: 46177 | B32: B | C32: D08726/03 | D32: FRAKE | E32: 52 | F32: 61 | G32: 7 | H32: 6 | I32: BOIS PASSABLE
A33: 46177 | B33: B | C33: D08026/03 | D33: FRAKE | G33: 4 | I33: RAS
A34: 46174 | B34: B | C34: D16126/05 | D34: Ayous | E34: 24 | F34: 55 | G34: 10 | I34: BOIS PASSABLE OLB
A35: 46174 | B35: B | D35: Ayous | G35: 5 | I35: NON OLB
A36: 46174 | B36: B | C36: D0926/03 | D36: Azobé | E36: 2 | I36: OLB
A37: 46174 | B37: A | C37: D16126/05 | D37: Ayous | E37: 25 | F37: 73 | G37: 7
A38: 46174 | B38: A | C38: D09226/03 | D38: Azobé | E38: 18 | F38: 44
A39: 46174 | B39: A | D39: Ayous | G39: 3
A40: 46178 | B40: B | C40: D08726/03 | D40: FRAKE | F40: 21 | G40: 10 | H40: 7 | I40: BOIS PASSABLE OLB
A41: 46178 | B41: B | C41: D14126/05 | D41: DABEMA | E41: 3 | G41: 4 | I41: NON OLB
A42: 46178 | B42: B | C42: D08261/03 | D42: FRAKE | G42: 4 | I42: NON OLB
A43: 46178 | B43: B | C43: D14126/04 | D43: Ayous | E43: 22 | F43: 27 | I43: BOIS PASSABLE OLB
A44: 46178 | B44: A | D44: DABEMA | E44: 12 | F44: 27 | G44: 1
A45: 46178 | B45: A | D45: FRAKE | E45: 36 | G45: 3
A46: 46178 | B46: A | D46: FRAKE | G46: 4
A47: 46178 | B47: A | D47: Azobé | H47: 1
A48: 46179 | B48: A | C48: D14326/05 | D48: DABEMA | E48: 8
A49: 46179 | B49: A | C49: D14126/05 | D49: Ayous | E49: 6 | F49: 58 | G49: 8
A50: 46179 | B50: A | D50: Ayous | G50: 1
A51: 46179 | B51: B | C51: D14126/04 | D51: Ayous | E51: 38 | F51: 50 | G51: 8 | I51: BOIS PASSABLE OLB
A52: 46179 | B52: B | C52: D07626/03 | D52: Ayous | G52: 1 | I52: NON OLB
A53: 46172 | B53: A | C53: D16126/05 | D53: Ayous | E53: 39 | F53: 51 | G53: 8
A54: 46172 | B54: A | C54: D09246/03 | D54: Azobé | E54: 3 | F54: 8
A55: 46172 | B55: A | D55: Ayous | H55: 2
A56: 46172 | B56: B | C56: D16126/05 | D56: Ayous | E56: 30 | F56: 12 | G56: 1 | I56: BOIS PASSABLE OLB
A57: 46172 | B57: B | C57: D01426/01 | D57: Azobé | F57: 20 | G57: 3 | I57: OLB
A58: 46170 | B58: A | C58: D014266/01 | D58: Azobé | E58: 1 | F58: 47 | G58: 9
A59: 46170 | B59: A | C59: D16126/05 | D59: Ayous | E59: 30
A60: 46171 | B60: A | C60: D16126/05 | D60: Ayous | F60: 51 | G60: 3
A61: 46171 | B61: A | C61: D09226/03 | D61: Azobé | E61: 26
A62: 46171 | B62: A | D62: Ayous | G62: 2
A63: 46170 | B63: B | C63: D16126/05 | D63: Ayous | E63: 2 | F63: 64 | G63: 10 | I63: BOIS PASSABLE OLB
A64: 46170 | B64: B | C64: D01426/01 | D64: Azobé | E64: 8 | I64: OLB
A65: 46170 | B65: B | C65: D07626/03 | D65: Ayous | G65: 1 | I65: NON OLB
A66: 46169 | B66: A | C66: D16126/05 | D66: Ayous | E66: 35 | F66: 54 | G66: 7
A67: 46169 | B67: C | C67: D16126/05 | D67: Ayous | F67: 69 | G67: 1 | I67: BOIS MEDIORCRE
A68: 46169 | B68: C | D68: Ayous | G68: 3
A69: 46168 | B69: A | C69: D14126/04 | D69: Ayous | E69: 55 | F69: 61 | G69: 11
A70: 46169 | B70: B | C70: D16126/05 | D70: Ayous | E70: 23 | F70: 65 | G70: 10 | I70: BOIS PASSABLE OLB
A71: 46169 | B71: B | C71: D01426/01 | D71: Azobé | E71: 6 | I71: RAS OLB
A72: 46169 | B72: B | C72: D07626/03 | D72: Ayous | G72: 1 | I72: RAS NON OLB
A73: 46165 | B73: B | C73: D21925/07 | D73: Iroko | E73: 4 | F73: 37 | G73: 14 | H73: 3 | I73: BOIS MEDIORCRE OLB
A74: 46165 | B74: B | C74: D10626/03 | D74: Azobé | E74: 14 | I74: RAS OLB
A75: 46165 | B75: B | C75: D14126/04 | D75: Ayous | E75: 16 | I75: bois passable OLB
A76: 46165 | B76: C | C76: D21925/07 | D76: Iroko | E76: 37 | F76: 74 | G76: 9 | H76: 2
A77: 46165 | B77: C | D77: Azobé | E77: 3 | F77: 9
A78: 46167 | B78: B | C78: D14126/04 | D78: Ayous | E78: 34 | F78: 48 | G78: 4 | I78: BOIS PASSABLE OLB
A79: 46167 | B79: B | C79: D26525/10 | D79: Iroko | G79: 2 | I79: RAS OLB
A80: 46167 | B80: B | C80: D07626/03 | D80: Ayous | G80: 3 | I80: RAS NON OLB
A81: 46164 | B81: C | C81: D2125/07 | D81: Iroko | F81: 47
A82: 46164 | B82: C | D82: Azobé | F82: 10
A83: 46164 | B83: C | D83: Iroko | E83: 29
A84: 46164 | B84: C | D84: Azobé | E84: 9
A85: 46165 | B85: C | C85: D2225/07 | D85: Iroko | F85: 20
A86: 46165 | B86: C | C86: D14126/04 | D86: Ayous | F86: 35
A87: 46165 | B87: C | D87: Azobé | E87: 25
A88: 46165 | B88: C | D88: Ayous | E88: 5
A89: 46167 | B89: A | C89: D14126/04 | D89: Ayous | E89: 21 | F89: 71 | G89: 10 | I89: OLB
A90: 46167 | B90: A | C90: D10626/03 | D90: Azobé | E90: 20 | F90: 40
A91: 46163 | B91: C | C91: D21925/07 | D91: Iroko | F91: 43 | G91: 6 | H91: 3 | I91: OLB
A92: 46163 | B92: C | D92: Azobé | F92: 10
A93: 46163 | B93: C | D93: Iroko | F93: 6
A94: 46163 | B94: C | D94: Azobé | F94: 17
A95: 46161 | B95: C | C95: D26525/10 | D95: Iroko | F95: 34 | G95: 11 | I95: OLB
A96: 46161 | B96: C | D96: Iroko | E96: 20
A97: 46161 | B97: C | D97: Azobé | E97: 3
A98: 46163 | B98: B | C98: D21925/07 | D98: Iroko | E98: 27 | F98: 45 | G98: 3 | H98: 3 | I98: BOIS MEDIORCRE OLB
A99: 46163 | B99: B | C99: D30225/11 | D99: Movingui | G99: 6 | I99: BOIS PROPRE OLB
A100: 46163 | B100: C | C100: D26525/10 | D100: Iroko | E100: 22 | F100: 48 | G100: 3
...

Sheet 9-PANNES (version chef)
A1: PANNES — VERSION DU CHEF (toutes machines)
A2: Vue d'ensemble du chef sur TOUTES les machines. Durées calculées depuis les plages horaires qu'il a écrites.
A3: NOTE : pour le TRS de la bicoupe, on utilise les pannes des SESSIONS (feuille 2), pas celle-ci, afin d'éviter le double comptage. Cette feuille sert à la vue d'ensemble et au diagnostic.
A4: Date | B4: Équipe | C4: Machine | D4: Plage horaire (texte chef) | E4: Durée (min, calculée) | F4: Type | G4: Cause / observation
A5: 19/05 | B5: B | C5: Schulte (scie de tête) | D5: 19h47 à 21h07 | E5: 80 | G5: les volant ne montent plus comme d'ahabotudes
A6: 21/05 | B6: B | C6: Brenta (déligneuse) | D6: 40 minutes | E6: 40
A7: 28/05 | B7: A | C7: Bicoupe | D7: 20h43 à21h10 | E7: 27 | F7: électrique | G7: panne electrique
A8: 01/06 | B8: A | C8: train de rouleau | D8: 8h15 à 9h10 | E8: 55
A9: 03/06 | B9: A | C9: Schulte (scie de tête) | D9: 11h40 à14h00 | E9: 140
A10: 03/06 | B10: A | C10: Bicoupe | D10: 6h40 à 8h330 | E10: 113 | F10: mécanique | G10: panne mecanique
A11: 04/06 | B11: A | C11: Schulte (scie de tête) | D11: 8h00 à12h00 | E11: 240 | G11: reglage du volant moteur
A12: 05/06 | B12: A | C12: Bicoupe | D12: 6h00 à 7h00 | E12: 60 | F12: mécanique | G12: pannes mecaniiques
A13: 05/06 | B13: A | C13: Schulte (scie de tête) | D13: 10h40 à 12h35 | E13: 115 | F13: mécanique | G13: pannes mecaniiques
A14: 06/06 | B14: B | C14: Bicoupe | D14: 19h30 à19h40 | E14: 10 | F14: électrique | G14: pannes electriques
A15: 09/06 | B15: A | C15: Schulte (scie de tête)
A16: 10/06 | B16: B | C16: Schulte (scie de tête) | D16: 6h00 à 8h30 | E16: 150 | G16: bras de la machine cassé
A17: 10/06 | B17: B | C17: Bicoupe | D17: 10h00 à 11h40 | E17: 100 | G17: probleme de griffe
